dataset,frame_id,axis,level,config,n_points,fov_pct,n_objects,hit_pct,shift_px_p50,edge_score
kitti_mini,000001,baseline,0.0,baseline,120268,15.4904,2,100.0,0.0,0.2351
kitti_mini,000001,yaw,0.5,yaw_0.5deg,120268,15.4896,2,65.6349,7.3945,0.2339
kitti_mini,000001,yaw,1.0,yaw_1deg,120268,15.4904,2,27.1429,14.7572,0.2169
kitti_mini,000001,yaw,2.0,yaw_2deg,120268,15.4929,2,5.0,29.3899,0.1594
kitti_mini,000001,yaw,3.0,yaw_3deg,120268,15.4946,2,0.0,43.9,0.2056
kitti_mini,000001,pitch,0.5,pitch_0.5deg,120268,15.1113,2,93.6508,6.5147,0.1685
kitti_mini,000001,pitch,1.0,pitch_1deg,120268,14.7421,2,71.1111,13.0329,0.234
kitti_mini,000001,pitch,2.0,pitch_2deg,120268,13.9813,2,12.6984,26.0646,0.1963
kitti_mini,000001,pitch,3.0,pitch_3deg,120268,13.1955,2,0.0,39.1022,0.1615
kitti_mini,000001,roll,0.5,roll_0.5deg,120268,15.4954,2,100.0,2.6087,0.2009
kitti_mini,000001,roll,1.0,roll_1deg,120268,15.502,2,100.0,5.203,0.192
kitti_mini,000001,roll,2.0,roll_2deg,120268,15.4821,2,100.0,10.3555,0.2006
kitti_mini,000001,roll,3.0,roll_3deg,120268,15.5178,2,97.2222,15.4466,0.2188
kitti_mini,000001,tx,0.02,tx_2cm,120268,15.537,2,100.0,0.4381,0.2339
kitti_mini,000001,tx,0.05,tx_5cm,120268,15.6542,2,100.0,1.093,0.23
kitti_mini,000001,tx,0.1,tx_10cm,120268,15.7997,2,100.0,2.1761,0.2301
kitti_mini,000001,ty,0.02,ty_2cm,120268,15.4962,2,100.0,1.154,0.2329
kitti_mini,000001,ty,0.05,ty_5cm,120268,15.507,2,99.2857,2.885,0.2315
kitti_mini,000001,ty,0.1,ty_10cm,120268,15.5145,2,95.7937,5.7694,0.2374
kitti_mini,000001,tz,0.02,tz_2cm,120268,15.6476,2,100.0,1.1553,0.2376
kitti_mini,000001,tz,0.05,tz_5cm,120268,15.8687,2,100.0,2.8881,0.2447
kitti_mini,000001,tz,0.1,tz_10cm,120268,16.2046,2,100.0,5.7761,0.1905
kitti_mini,000004,baseline,0.0,baseline,115976,16.437,2,100.0,0.0,0.1617
kitti_mini,000004,yaw,0.5,yaw_0.5deg,115976,16.4284,2,90.8152,7.3767,0.1819
kitti_mini,000004,yaw,1.0,yaw_1deg,115976,16.4103,2,75.2296,14.7306,0.1401
kitti_mini,000004,yaw,2.0,yaw_2deg,115976,16.3611,2,48.651,29.3563,0.0712
kitti_mini,000004,yaw,3.0,yaw_3deg,115976,16.3525,2,14.9254,43.8851,0.0953
kitti_mini,000004,pitch,0.5,pitch_0.5deg,115976,16.043,2,99.2537,6.4993,0.1259
kitti_mini,000004,pitch,1.0,pitch_1deg,115976,15.6567,2,19.8335,12.9983,0.151
kitti_mini,000004,pitch,2.0,pitch_2deg,115976,14.8651,2,0.0,25.995,0.1683
kitti_mini,000004,pitch,3.0,pitch_3deg,115976,14.046,2,0.0,38.9886,0.1411
kitti_mini,000004,roll,0.5,roll_0.5deg,115976,16.4431,2,100.0,2.5984,0.1295
kitti_mini,000004,roll,1.0,roll_1deg,115976,16.431,2,100.0,5.1755,0.1316
kitti_mini,000004,roll,2.0,roll_2deg,115976,16.4181,2,95.0918,10.3076,0.116
kitti_mini,000004,roll,3.0,roll_3deg,115976,16.4482,2,57.0896,15.3772,0.1285
kitti_mini,000004,tx,0.02,tx_2cm,115976,16.4836,2,100.0,0.3521,0.1615
kitti_mini,000004,tx,0.05,tx_5cm,115976,16.5914,2,100.0,0.8781,0.1633
kitti_mini,000004,tx,0.1,tx_10cm,115976,16.7397,2,100.0,1.7491,0.1762
kitti_mini,000004,ty,0.02,ty_2cm,115976,16.4456,2,100.0,0.9904,0.1614
kitti_mini,000004,ty,0.05,ty_5cm,115976,16.4474,2,100.0,2.4758,0.1614
kitti_mini,000004,ty,0.1,ty_10cm,115976,16.4422,2,100.0,4.9462,0.1676
kitti_mini,000004,tz,0.02,tz_2cm,115976,16.5957,2,100.0,0.9919,0.1641
kitti_mini,000004,tz,0.05,tz_5cm,115976,16.8112,2,100.0,2.4798,0.1681
kitti_mini,000004,tz,0.1,tz_10cm,115976,17.1691,2,100.0,4.9594,0.1647
kitti_mini,000007,baseline,0.0,baseline,122798,15.817,3,100.0,0.0,0.0637
kitti_mini,000007,yaw,0.5,yaw_0.5deg,122798,15.8252,3,86.0185,7.3109,0.0039
kitti_mini,000007,yaw,1.0,yaw_1deg,122798,15.7885,3,60.0708,14.5996,0.0118
kitti_mini,000007,yaw,2.0,yaw_2deg,122798,15.6648,3,19.1068,29.1078,0.0053
kitti_mini,000007,yaw,3.0,yaw_3deg,122798,15.6908,3,7.2549,43.5276,-0.0069
kitti_mini,000007,pitch,0.5,pitch_0.5deg,122798,15.44,3,78.2407,6.4909,0.0191
kitti_mini,000007,pitch,1.0,pitch_1deg,122798,15.0776,3,48.7092,12.9841,0.0267
kitti_mini,000007,pitch,2.0,pitch_2deg,122798,14.3211,3,19.2974,25.967,0.092
kitti_mini,000007,pitch,3.0,pitch_3deg,122798,13.5458,3,3.9216,38.9524,0.1462
kitti_mini,000007,roll,0.5,roll_0.5deg,122798,15.8227,3,100.0,2.5238,0.027
kitti_mini,000007,roll,1.0,roll_1deg,122798,15.8211,3,98.6111,5.0337,-0.0036
kitti_mini,000007,roll,2.0,roll_2deg,122798,15.8089,3,94.4444,10.011,-0.0014
kitti_mini,000007,roll,3.0,roll_3deg,122798,15.8439,3,88.6928,14.9409,-0.023
kitti_mini,000007,tx,0.02,tx_2cm,122798,15.87,3,100.0,0.3576,0.0544
kitti_mini,000007,tx,0.05,tx_5cm,122798,15.9742,3,100.0,0.892,0.0411
kitti_mini,000007,tx,0.1,tx_10cm,122798,16.1151,3,100.0,1.7786,0.0428
kitti_mini,000007,ty,0.02,ty_2cm,122798,15.8276,3,100.0,0.9574,0.0404
kitti_mini,000007,ty,0.05,ty_5cm,122798,15.8349,3,98.1481,2.3934,0.0293
kitti_mini,000007,ty,0.1,ty_10cm,122798,15.8382,3,97.1678,4.7847,0.0134
kitti_mini,000007,tz,0.02,tz_2cm,122798,15.9644,3,100.0,0.9579,0.0767
kitti_mini,000007,tz,0.05,tz_5cm,122798,16.1582,3,100.0,2.3947,0.0979
kitti_mini,000007,tz,0.1,tz_10cm,122798,16.5068,3,100.0,4.7893,0.1124
kitti_mini,000008,baseline,0.0,baseline,122555,14.0655,4,100.0,0.0,0.2798
kitti_mini,000008,yaw,0.5,yaw_0.5deg,122555,14.1006,4,97.8659,7.1947,0.2532
kitti_mini,000008,yaw,1.0,yaw_1deg,122555,14.1292,4,91.2441,14.3667,0.1996
kitti_mini,000008,yaw,2.0,yaw_2deg,122555,14.1847,4,71.5113,28.6833,0.1815
kitti_mini,000008,yaw,3.0,yaw_3deg,122555,14.2271,4,54.419,42.9369,0.1676
kitti_mini,000008,pitch,0.5,pitch_0.5deg,122555,13.7212,4,97.8659,6.5255,0.2398
kitti_mini,000008,pitch,1.0,pitch_1deg,122555,13.3769,4,85.3885,13.0472,0.2046
kitti_mini,000008,pitch,2.0,pitch_2deg,122555,12.6645,4,60.5488,26.0831,0.177
kitti_mini,000008,pitch,3.0,pitch_3deg,122555,11.9718,4,44.2006,39.1124,0.1609
kitti_mini,000008,roll,0.5,roll_0.5deg,122555,14.0655,4,100.0,2.3218,0.2948
kitti_mini,000008,roll,1.0,roll_1deg,122555,14.0631,4,98.1639,4.632,0.2851
kitti_mini,000008,roll,2.0,roll_2deg,122555,14.0459,4,95.5589,9.2046,0.2691
kitti_mini,000008,roll,3.0,roll_3deg,122555,14.09,4,88.5968,13.7156,0.2689
kitti_mini,000008,tx,0.02,tx_2cm,122555,14.1275,4,100.0,0.5044,0.2775
kitti_mini,000008,tx,0.05,tx_5cm,122555,14.263,4,100.0,1.2562,0.2811
kitti_mini,000008,tx,0.1,tx_10cm,122555,14.4441,4,100.0,2.4994,0.2743
kitti_mini,000008,ty,0.02,ty_2cm,122555,14.0623,4,100.0,1.4468,0.2802
kitti_mini,000008,ty,0.05,ty_5cm,122555,14.0574,4,100.0,3.6139,0.2691
kitti_mini,000008,ty,0.1,ty_10cm,122555,14.0386,4,100.0,7.2104,0.2498
kitti_mini,000008,tz,0.02,tz_2cm,122555,14.2238,4,100.0,1.449,0.3038
kitti_mini,000008,tz,0.05,tz_5cm,122555,14.4498,4,99.4745,3.6224,0.2867
kitti_mini,000008,tz,0.1,tz_10cm,122555,14.7974,4,97.2388,7.2444,0.2515
kitti_mini,000009,baseline,0.0,baseline,123928,15.6631,1,100.0,0.0,-0.0027
kitti_mini,000009,yaw,0.5,yaw_0.5deg,123928,15.6639,1,92.4324,7.3342,0.031
kitti_mini,000009,yaw,1.0,yaw_1deg,123928,15.6502,1,81.6216,14.6449,0.0221
kitti_mini,000009,yaw,2.0,yaw_2deg,123928,15.6389,1,54.0541,29.1946,-0.0288
kitti_mini,000009,yaw,3.0,yaw_3deg,123928,15.6389,1,31.3514,43.6631,0.0124
kitti_mini,000009,pitch,0.5,pitch_0.5deg,123928,15.2944,1,98.3784,6.492,0.0031
kitti_mini,000009,pitch,1.0,pitch_1deg,123928,14.9385,1,88.1081,12.9827,0.0194
kitti_mini,000009,pitch,2.0,pitch_2deg,123928,14.1873,1,49.1892,25.9638,0.0668
kitti_mini,000009,pitch,3.0,pitch_3deg,123928,13.4239,1,14.5946,38.9501,0.0217
kitti_mini,000009,roll,0.5,roll_0.5deg,123928,15.6672,1,100.0,2.5464,-0.018
kitti_mini,000009,roll,1.0,roll_1deg,123928,15.668,1,100.0,5.0829,-0.0444
kitti_mini,000009,roll,2.0,roll_2deg,123928,15.6518,1,100.0,10.1083,-0.0322
kitti_mini,000009,roll,3.0,roll_3deg,123928,15.676,1,100.0,15.0831,0.0455
kitti_mini,000009,tx,0.02,tx_2cm,123928,15.7059,1,100.0,0.3673,-0.0061
kitti_mini,000009,tx,0.05,tx_5cm,123928,15.8132,1,100.0,0.9162,-0.0086
kitti_mini,000009,tx,0.1,tx_10cm,123928,15.9472,1,100.0,1.8261,-0.0094
kitti_mini,000009,ty,0.02,ty_2cm,123928,15.6647,1,100.0,0.9449,-0.005
kitti_mini,000009,ty,0.05,ty_5cm,123928,15.6623,1,100.0,2.3605,0.006
kitti_mini,000009,ty,0.1,ty_10cm,123928,15.6559,1,98.9189,4.7187,0.0094
kitti_mini,000009,tz,0.02,tz_2cm,123928,15.8197,1,100.0,0.9461,-0.0244
kitti_mini,000009,tz,0.05,tz_5cm,123928,16.0174,1,100.0,2.3652,0.0022
kitti_mini,000009,tz,0.1,tz_10cm,123928,16.3506,1,100.0,4.7299,-0.0327
kitti_mini,000010,baseline,0.0,baseline,115875,14.2084,8,100.0,0.0,0.2796
kitti_mini,000010,yaw,0.5,yaw_0.5deg,115875,14.1635,8,95.8174,7.2599,0.2617
kitti_mini,000010,yaw,1.0,yaw_1deg,115875,14.1264,8,78.0172,14.4938,0.2229
kitti_mini,000010,yaw,2.0,yaw_2deg,115875,14.066,8,53.2782,28.8947,0.2123
kitti_mini,000010,yaw,3.0,yaw_3deg,115875,14.0419,8,37.8697,43.2004,0.2194
kitti_mini,000010,pitch,0.5,pitch_0.5deg,115875,13.8227,8,94.7489,6.5227,0.1631
kitti_mini,000010,pitch,1.0,pitch_1deg,115875,13.4576,8,79.2344,13.0451,0.1781
kitti_mini,000010,pitch,2.0,pitch_2deg,115875,12.6921,8,51.6341,26.0927,0.1572
kitti_mini,000010,pitch,3.0,pitch_3deg,115875,11.9258,8,33.2939,39.1461,0.0877
kitti_mini,000010,roll,0.5,roll_0.5deg,115875,14.2127,8,100.0,2.4549,0.3225
kitti_mini,000010,roll,1.0,roll_1deg,115875,14.2127,8,100.0,4.8976,0.3324
kitti_mini,000010,roll,2.0,roll_2deg,115875,14.2136,8,96.9374,9.7384,0.2699
kitti_mini,000010,roll,3.0,roll_3deg,115875,14.2429,8,94.3006,14.5169,0.2148
kitti_mini,000010,tx,0.02,tx_2cm,115875,14.2403,8,100.0,0.4079,0.2781
kitti_mini,000010,tx,0.05,tx_5cm,115875,14.3517,8,100.0,1.0172,0.2812
kitti_mini,000010,tx,0.1,tx_10cm,115875,14.4811,8,100.0,2.0278,0.2799
kitti_mini,000010,ty,0.02,ty_2cm,115875,14.2024,8,100.0,1.1343,0.2754
kitti_mini,000010,ty,0.05,ty_5cm,115875,14.1998,8,100.0,2.8345,0.2634
kitti_mini,000010,ty,0.1,ty_10cm,115875,14.1843,8,100.0,5.6652,0.2549
kitti_mini,000010,tz,0.02,tz_2cm,115875,14.3655,8,98.8889,1.1366,0.2732
kitti_mini,000010,tz,0.05,tz_5cm,115875,14.5631,8,98.0556,2.8415,0.2927
kitti_mini,000010,tz,0.1,tz_10cm,115875,14.9118,8,97.9053,5.6827,0.3004
kitti_mini,000011,baseline,0.0,baseline,108004,18.4678,5,100.0,0.0,0.4843
kitti_mini,000011,yaw,0.5,yaw_0.5deg,108004,18.4678,5,85.4684,7.286,0.4485
kitti_mini,000011,yaw,1.0,yaw_1deg,108004,18.4734,5,62.4237,14.5514,0.4076
kitti_mini,000011,yaw,2.0,yaw_2deg,108004,18.4836,5,30.064,29.0445,0.3779
kitti_mini,000011,yaw,3.0,yaw_3deg,108004,18.4697,5,12.6989,43.4783,0.3394
kitti_mini,000011,pitch,0.5,pitch_0.5deg,108004,18.0521,5,96.8636,6.4906,0.4271
kitti_mini,000011,pitch,1.0,pitch_1deg,108004,17.6475,5,88.1466,12.984,0.4193
kitti_mini,000011,pitch,2.0,pitch_2deg,108004,16.8003,5,56.6937,25.9753,0.2746
kitti_mini,000011,pitch,3.0,pitch_3deg,108004,15.9531,5,36.7951,38.9667,0.1944
kitti_mini,000011,roll,0.5,roll_0.5deg,108004,18.4697,5,99.4595,2.471,0.4702
kitti_mini,000011,roll,1.0,roll_1deg,108004,18.4725,5,99.4595,4.9302,0.4589
kitti_mini,000011,roll,2.0,roll_2deg,108004,18.4484,5,96.3337,9.7921,0.4367
kitti_mini,000011,roll,3.0,roll_3deg,108004,18.4891,5,88.5769,14.6141,0.4325
kitti_mini,000011,tx,0.02,tx_2cm,108004,18.5197,5,100.0,0.4215,0.4747
kitti_mini,000011,tx,0.05,tx_5cm,108004,18.6567,5,99.5,1.051,0.4697
kitti_mini,000011,tx,0.1,tx_10cm,108004,18.8243,5,99.0879,2.094,0.4515
kitti_mini,000011,ty,0.02,ty_2cm,108004,18.4715,5,99.0,1.0839,0.4812
kitti_mini,000011,ty,0.05,ty_5cm,108004,18.4614,5,98.8582,2.707,0.4785
kitti_mini,000011,ty,0.1,ty_10cm,108004,18.4493,5,96.8042,5.4039,0.4463
kitti_mini,000011,tz,0.02,tz_2cm,108004,18.6539,5,100.0,1.0856,0.4866
kitti_mini,000011,tz,0.05,tz_5cm,108004,18.8845,5,100.0,2.7139,0.4871
kitti_mini,000011,tz,0.1,tz_10cm,108004,19.266,5,99.4595,5.4275,0.4774
kitti_mini,000012,baseline,0.0,baseline,120007,15.5866,2,100.0,0.0,0.4023
kitti_mini,000012,yaw,0.5,yaw_0.5deg,120007,15.5724,2,94.8718,7.3153,0.2317
kitti_mini,000012,yaw,1.0,yaw_1deg,120007,15.5808,2,71.7949,14.5981,0.2035
kitti_mini,000012,yaw,2.0,yaw_2deg,120007,15.5816,2,8.9744,29.0983,0.1889
kitti_mini,000012,yaw,3.0,yaw_3deg,120007,15.5933,2,0.0,43.5232,0.1539
kitti_mini,000012,pitch,0.5,pitch_0.5deg,120007,15.1949,2,84.6154,6.508,0.4129
kitti_mini,000012,pitch,1.0,pitch_1deg,120007,14.8241,2,26.9231,13.0165,0.402
kitti_mini,000012,pitch,2.0,pitch_2deg,120007,14.0517,2,14.1026,26.0367,0.3685
kitti_mini,000012,pitch,3.0,pitch_3deg,120007,13.2501,2,0.0,39.0478,0.336
kitti_mini,000012,roll,0.5,roll_0.5deg,120007,15.5824,2,100.0,2.549,0.3959
kitti_mini,000012,roll,1.0,roll_1deg,120007,15.5866,2,100.0,5.0788,0.3899
kitti_mini,000012,roll,2.0,roll_2deg,120007,15.5624,2,85.8974,10.0907,0.3936
kitti_mini,000012,roll,3.0,roll_3deg,120007,15.5808,2,85.8974,15.033,0.3593
kitti_mini,000012,tx,0.02,tx_2cm,120007,15.6249,2,100.0,0.3371,0.4045
kitti_mini,000012,tx,0.05,tx_5cm,120007,15.6808,2,100.0,0.8412,0.395
kitti_mini,000012,tx,0.1,tx_10cm,120007,15.8466,2,100.0,1.6774,0.3633
kitti_mini,000012,ty,0.02,ty_2cm,120007,15.5824,2,100.0,0.9129,0.407
kitti_mini,000012,ty,0.05,ty_5cm,120007,15.5833,2,100.0,2.2814,0.3846
kitti_mini,000012,ty,0.1,ty_10cm,120007,15.5849,2,100.0,4.5576,0.3788
kitti_mini,000012,tz,0.02,tz_2cm,120007,15.7182,2,100.0,0.9146,0.402
kitti_mini,000012,tz,0.05,tz_5cm,120007,15.9149,2,100.0,2.2864,0.4017
kitti_mini,000012,tz,0.1,tz_10cm,120007,16.2741,2,100.0,4.5727,0.4121
kitti_mini,000015,baseline,0.0,baseline,122583,14.9564,4,92.3845,0.0,0.3015
kitti_mini,000015,yaw,0.5,yaw_0.5deg,122583,14.9931,4,60.0724,7.1668,0.3107
kitti_mini,000015,yaw,1.0,yaw_1deg,122583,15.0437,4,25.852,14.3201,0.295
kitti_mini,000015,yaw,2.0,yaw_2deg,122583,15.0673,4,7.563,28.5411,0.297
kitti_mini,000015,yaw,3.0,yaw_3deg,122583,15.1244,4,0.9104,42.6744,0.2786
kitti_mini,000015,pitch,0.5,pitch_0.5deg,122583,14.5975,4,92.8221,6.4808,0.3051
kitti_mini,000015,pitch,1.0,pitch_1deg,122583,14.2654,4,83.4967,12.9571,0.2942
kitti_mini,000015,pitch,2.0,pitch_2deg,122583,13.5957,4,63.2645,25.9067,0.3051
kitti_mini,000015,pitch,3.0,pitch_3deg,122583,12.8851,4,37.43,38.8419,0.3297
kitti_mini,000015,roll,0.5,roll_0.5deg,122583,14.9539,4,92.3144,2.2983,0.2981
kitti_mini,000015,roll,1.0,roll_1deg,122583,14.9344,4,92.2444,4.5755,0.2792
kitti_mini,000015,roll,2.0,roll_2deg,122583,14.9637,4,90.2486,9.0921,0.2502
kitti_mini,000015,roll,3.0,roll_3deg,122583,14.9711,4,88.4979,13.5222,0.229
kitti_mini,000015,tx,0.02,tx_2cm,122583,15.0404,4,92.3144,0.5317,0.3065
kitti_mini,000015,tx,0.05,tx_5cm,122583,15.1677,4,91.9643,1.3252,0.3192
kitti_mini,000015,tx,0.1,tx_10cm,122583,15.3365,4,90.4937,2.6374,0.3209
kitti_mini,000015,ty,0.02,ty_2cm,122583,14.9572,4,91.3165,1.4639,0.3007
kitti_mini,000015,ty,0.05,ty_5cm,122583,14.9654,4,86.3445,3.6578,0.3098
kitti_mini,000015,ty,0.1,ty_10cm,122583,14.9825,4,78.233,7.3082,0.3067
kitti_mini,000015,tz,0.02,tz_2cm,122583,15.1497,4,92.3845,1.4643,0.3071
kitti_mini,000015,tz,0.05,tz_5cm,122583,15.3896,4,92.3845,3.6608,0.3036
kitti_mini,000015,tz,0.1,tz_10cm,122583,15.7599,4,92.3845,7.3218,0.2776
kitti_mini,000016,baseline,0.0,baseline,113070,15.8026,4,100.0,0.0,0.2051
kitti_mini,000016,yaw,0.5,yaw_0.5deg,113070,15.8061,4,85.9186,7.2462,0.2173
kitti_mini,000016,yaw,1.0,yaw_1deg,113070,15.8053,4,71.3736,14.4703,0.2203
kitti_mini,000016,yaw,2.0,yaw_2deg,113070,15.8159,4,36.5463,28.8781,0.2141
kitti_mini,000016,yaw,3.0,yaw_3deg,113070,15.83,4,22.8332,43.2312,0.2042
kitti_mini,000016,pitch,0.5,pitch_0.5deg,113070,15.4117,4,73.4511,6.5162,0.1445
kitti_mini,000016,pitch,1.0,pitch_1deg,113070,15.0208,4,45.6522,13.0304,0.1095
kitti_mini,000016,pitch,2.0,pitch_2deg,113070,14.2204,4,26.6544,26.0493,0.1429
kitti_mini,000016,pitch,3.0,pitch_3deg,113070,13.4032,4,21.9589,39.0593,0.051
kitti_mini,000016,roll,0.5,roll_0.5deg,113070,15.8035,4,100.0,2.4204,0.2149
kitti_mini,000016,roll,1.0,roll_1deg,113070,15.8079,4,100.0,4.8287,0.1774
kitti_mini,000016,roll,2.0,roll_2deg,113070,15.777,4,100.0,9.5896,0.092
kitti_mini,000016,roll,3.0,roll_3deg,113070,15.8141,4,94.7011,14.3103,0.0373
kitti_mini,000016,tx,0.02,tx_2cm,113070,15.861,4,100.0,0.3898,0.2075
kitti_mini,000016,tx,0.05,tx_5cm,113070,15.991,4,100.0,0.9718,0.2103
kitti_mini,000016,tx,0.1,tx_10cm,113070,16.1528,4,100.0,1.9349,0.2118
kitti_mini,000016,ty,0.02,ty_2cm,113070,15.8035,4,100.0,1.1423,0.2087
kitti_mini,000016,ty,0.05,ty_5cm,113070,15.7911,4,100.0,2.8527,0.2139
kitti_mini,000016,ty,0.1,ty_10cm,113070,15.7787,4,100.0,5.693,0.2078
kitti_mini,000016,tz,0.02,tz_2cm,113070,15.9804,4,100.0,1.1445,0.2434
kitti_mini,000016,tz,0.05,tz_5cm,113070,16.2218,4,100.0,2.8612,0.255
kitti_mini,000016,tz,0.1,tz_10cm,113070,16.5809,4,100.0,5.7221,0.2301
kitti_mini,000019,baseline,0.0,baseline,115697,16.2424,3,100.0,0.0,0.3956
kitti_mini,000019,yaw,0.5,yaw_0.5deg,115697,16.2735,3,87.4329,7.3566,0.35
kitti_mini,000019,yaw,1.0,yaw_1deg,115697,16.3003,3,68.7164,14.6931,0.3334
kitti_mini,000019,yaw,2.0,yaw_2deg,115697,16.3461,3,45.1486,29.2922,0.3555
kitti_mini,000019,yaw,3.0,yaw_3deg,115697,16.3669,3,33.311,43.8042,0.3525
kitti_mini,000019,pitch,0.5,pitch_0.5deg,115697,15.8673,3,92.6423,6.6081,0.3342
kitti_mini,000019,pitch,1.0,pitch_1deg,115697,15.5034,3,57.1966,13.2093,0.3146
kitti_mini,000019,pitch,2.0,pitch_2deg,115697,14.7203,3,36.945,26.4142,0.2285
kitti_mini,000019,pitch,3.0,pitch_3deg,115697,13.926,3,30.1692,39.6216,0.2062
kitti_mini,000019,roll,0.5,roll_0.5deg,115697,16.2493,3,100.0,2.4479,0.3794
kitti_mini,000019,roll,1.0,roll_1deg,115697,16.2277,3,100.0,4.8836,0.3623
kitti_mini,000019,roll,2.0,roll_2deg,115697,16.2044,3,100.0,9.708,0.3376
kitti_mini,000019,roll,3.0,roll_3deg,115697,16.2338,3,99.6599,14.4803,0.3055
kitti_mini,000019,tx,0.02,tx_2cm,115697,16.315,3,100.0,0.6825,0.3911
kitti_mini,000019,tx,0.05,tx_5cm,115697,16.4507,3,100.0,1.6998,0.4008
kitti_mini,000019,tx,0.1,tx_10cm,115697,16.659,3,100.0,3.3785,0.3882
kitti_mini,000019,ty,0.02,ty_2cm,115697,16.2364,3,100.0,1.7243,0.3857
kitti_mini,000019,ty,0.05,ty_5cm,115697,16.22,3,100.0,4.3008,0.3808
kitti_mini,000019,ty,0.1,ty_10cm,115697,16.2035,3,100.0,8.5756,0.3884
kitti_mini,000019,tz,0.02,tz_2cm,115697,16.4153,3,100.0,1.7289,0.4142
kitti_mini,000019,tz,0.05,tz_5cm,115697,16.6072,3,99.3108,4.3221,0.3889
kitti_mini,000019,tz,0.1,tz_10cm,115697,17.0117,3,98.1203,8.6436,0.3852
kitti_mini,000021,baseline,0.0,baseline,125260,15.8263,7,100.0,0.0,0.2731
kitti_mini,000021,yaw,0.5,yaw_0.5deg,125260,15.8215,7,99.5694,7.317,0.2819
kitti_mini,000021,yaw,1.0,yaw_1deg,125260,15.8287,7,96.5129,14.6173,0.2412
kitti_mini,000021,yaw,2.0,yaw_2deg,125260,15.8399,7,80.4711,29.1753,0.1729
kitti_mini,000021,yaw,3.0,yaw_3deg,125260,15.8574,7,54.6156,43.6303,0.1041
kitti_mini,000021,pitch,0.5,pitch_0.5deg,125260,15.4614,7,97.719,6.5054,0.2284
kitti_mini,000021,pitch,1.0,pitch_1deg,125260,15.1134,7,84.5167,13.015,0.2296
kitti_mini,000021,pitch,2.0,pitch_2deg,125260,14.3653,7,55.5651,26.0367,0.2618
kitti_mini,000021,pitch,3.0,pitch_3deg,125260,13.6173,7,33.5932,39.069,0.2178
kitti_mini,000021,roll,0.5,roll_0.5deg,125260,15.8311,7,100.0,2.4919,0.2735
kitti_mini,000021,roll,1.0,roll_1deg,125260,15.8263,7,99.8316,4.975,0.2621
kitti_mini,000021,roll,2.0,roll_2deg,125260,15.8191,7,97.7742,9.8903,0.2352
kitti_mini,000021,roll,3.0,roll_3deg,125260,15.8462,7,93.4695,14.7585,0.2433
kitti_mini,000021,tx,0.02,tx_2cm,125260,15.8933,7,100.0,0.4845,0.2806
kitti_mini,000021,tx,0.05,tx_5cm,125260,16.0147,7,100.0,1.2078,0.2781
kitti_mini,000021,tx,0.1,tx_10cm,125260,16.1823,7,100.0,2.4054,0.2758
kitti_mini,000021,ty,0.02,ty_2cm,125260,15.8375,7,100.0,1.2635,0.2744
kitti_mini,000021,ty,0.05,ty_5cm,125260,15.843,7,100.0,3.1559,0.2791
kitti_mini,000021,ty,0.1,ty_10cm,125260,15.8662,7,100.0,6.3008,0.2829
kitti_mini,000021,tz,0.02,tz_2cm,125260,15.9844,7,100.0,1.2653,0.3067
kitti_mini,000021,tz,0.05,tz_5cm,125260,16.1903,7,99.8043,3.1632,0.3135
kitti_mini,000021,tz,0.1,tz_10cm,125260,16.5025,7,95.4234,6.3261,0.2753
kitti_mini,000023,baseline,0.0,baseline,120412,15.4362,3,100.0,0.0,0.1978
kitti_mini,000023,yaw,0.5,yaw_0.5deg,120412,15.4345,3,74.2011,7.3941,0.2251
kitti_mini,000023,yaw,1.0,yaw_1deg,120412,15.4328,3,37.3181,14.7565,0.1939
kitti_mini,000023,yaw,2.0,yaw_2deg,120412,15.4403,3,4.5045,29.3951,0.1492
kitti_mini,000023,yaw,3.0,yaw_3deg,120412,15.442,3,0.0,43.9043,0.1999
kitti_mini,000023,pitch,0.5,pitch_0.5deg,120412,15.0558,3,94.044,6.5166,0.1507
kitti_mini,000023,pitch,1.0,pitch_1deg,120412,14.6829,3,44.2943,13.0366,0.1725
kitti_mini,000023,pitch,2.0,pitch_2deg,120412,13.9272,3,8.2082,26.0753,0.1651
kitti_mini,000023,pitch,3.0,pitch_3deg,120412,13.1515,3,0.0,39.1212,0.1292
kitti_mini,000023,roll,0.5,roll_0.5deg,120412,15.4378,3,100.0,2.6055,0.1657
kitti_mini,000023,roll,1.0,roll_1deg,120412,15.4353,3,100.0,5.1975,0.1586
kitti_mini,000023,roll,2.0,roll_2deg,120412,15.4154,3,100.0,10.3295,0.1451
kitti_mini,000023,roll,3.0,roll_3deg,120412,15.4586,3,100.0,15.4199,0.163
kitti_mini,000023,tx,0.02,tx_2cm,120412,15.4802,3,100.0,0.427,0.2032
kitti_mini,000023,tx,0.05,tx_5cm,120412,15.5915,3,100.0,1.0646,0.2197
kitti_mini,000023,tx,0.1,tx_10cm,120412,15.7484,3,100.0,2.121,0.2139
kitti_mini,000023,ty,0.02,ty_2cm,120412,15.4403,3,100.0,1.1603,0.2047
kitti_mini,000023,ty,0.05,ty_5cm,120412,15.4519,3,100.0,2.9,0.2081
kitti_mini,000023,ty,0.1,ty_10cm,120412,15.4603,3,99.0991,5.7985,0.211
kitti_mini,000023,tz,0.02,tz_2cm,120412,15.5965,3,100.0,1.1618,0.2141
kitti_mini,000023,tz,0.05,tz_5cm,120412,15.8157,3,100.0,2.9044,0.2357
kitti_mini,000023,tz,0.1,tz_10cm,120412,16.1496,3,100.0,5.8085,0.1897
kitti_mini,000025,baseline,0.0,baseline,115780,15.1399,5,100.0,0.0,0.382
kitti_mini,000025,yaw,0.5,yaw_0.5deg,115780,15.1442,5,71.7723,7.1293,0.3586
kitti_mini,000025,yaw,1.0,yaw_1deg,115780,15.1494,5,55.977,14.2477,0.3373
kitti_mini,000025,yaw,2.0,yaw_2deg,115780,15.1503,5,41.508,28.4475,0.3178
kitti_mini,000025,yaw,3.0,yaw_3deg,115780,15.127,5,29.313,42.5857,0.298
kitti_mini,000025,pitch,0.5,pitch_0.5deg,115780,14.8307,5,99.5498,6.5101,0.3406
kitti_mini,000025,pitch,1.0,pitch_1deg,115780,14.5379,5,82.3669,13.0209,0.3005
kitti_mini,000025,pitch,2.0,pitch_2deg,115780,13.9497,5,46.5983,26.0386,0.2979
kitti_mini,000025,pitch,3.0,pitch_3deg,115780,13.3097,5,29.9081,39.0628,0.249
kitti_mini,000025,roll,0.5,roll_0.5deg,115780,15.1641,5,100.0,2.2445,0.3639
kitti_mini,000025,roll,1.0,roll_1deg,115780,15.1995,5,100.0,4.4798,0.3531
kitti_mini,000025,roll,2.0,roll_2deg,115780,15.2384,5,99.8071,8.9439,0.344
kitti_mini,000025,roll,3.0,roll_3deg,115780,15.3602,5,98.9066,13.4062,0.3602
kitti_mini,000025,tx,0.02,tx_2cm,115780,15.1857,5,100.0,0.4877,0.3934
kitti_mini,000025,tx,0.05,tx_5cm,115780,15.285,5,100.0,1.2157,0.3844
kitti_mini,000025,tx,0.1,tx_10cm,115780,15.45,5,100.0,2.4203,0.3799
kitti_mini,000025,ty,0.02,ty_2cm,115780,15.1391,5,100.0,1.3043,0.377
kitti_mini,000025,ty,0.05,ty_5cm,115780,15.1486,5,100.0,3.2599,0.3758
kitti_mini,000025,ty,0.1,ty_10cm,115780,15.1537,5,98.046,6.5153,0.3624
kitti_mini,000025,tz,0.02,tz_2cm,115780,15.2747,5,100.0,1.3058,0.3845
kitti_mini,000025,tz,0.05,tz_5cm,115780,15.4457,5,100.0,3.2644,0.3703
kitti_mini,000025,tz,0.1,tz_10cm,115780,15.805,5,91.2854,6.5285,0.3503
kitti_mini,000031,baseline,0.0,baseline,121291,15.5791,6,100.0,0.0,0.2231
kitti_mini,000031,yaw,0.5,yaw_0.5deg,121291,15.5634,6,96.4753,7.3376,0.2288
kitti_mini,000031,yaw,1.0,yaw_1deg,121291,15.5304,6,87.1942,14.6566,0.1744
kitti_mini,000031,yaw,2.0,yaw_2deg,121291,15.4859,6,66.9522,29.2443,0.1049
kitti_mini,000031,yaw,3.0,yaw_3deg,121291,15.443,6,53.7209,43.7653,0.1163
kitti_mini,000031,pitch,0.5,pitch_0.5deg,121291,15.2081,6,93.4831,6.5129,0.166
kitti_mini,000031,pitch,1.0,pitch_1deg,121291,14.8519,6,85.1517,13.0274,0.0844
kitti_mini,000031,pitch,2.0,pitch_2deg,121291,14.1247,6,66.2194,26.0587,0.0575
kitti_mini,000031,pitch,3.0,pitch_3deg,121291,13.358,6,53.51,39.0766,0.1107
kitti_mini,000031,roll,0.5,roll_0.5deg,121291,15.5799,6,100.0,2.507,0.224
kitti_mini,000031,roll,1.0,roll_1deg,121291,15.5881,6,100.0,5.0013,0.2075
kitti_mini,000031,roll,2.0,roll_2deg,121291,15.5931,6,99.5088,9.9521,0.1472
kitti_mini,000031,roll,3.0,roll_3deg,121291,15.6368,6,98.6955,14.8492,0.0977
kitti_mini,000031,tx,0.02,tx_2cm,121291,15.6261,6,100.0,0.4177,0.2309
kitti_mini,000031,tx,0.05,tx_5cm,121291,15.72,6,100.0,1.042,0.2288
kitti_mini,000031,tx,0.1,tx_10cm,121291,15.8783,6,100.0,2.0768,0.2302
kitti_mini,000031,ty,0.02,ty_2cm,121291,15.5799,6,100.0,1.2057,0.2282
kitti_mini,000031,ty,0.05,ty_5cm,121291,15.5766,6,99.9667,3.012,0.2348
kitti_mini,000031,ty,0.1,ty_10cm,121291,15.5774,6,99.5798,6.0232,0.235
kitti_mini,000031,tz,0.02,tz_2cm,121291,15.7192,6,100.0,1.2069,0.232
kitti_mini,000031,tz,0.05,tz_5cm,121291,15.9088,6,99.3026,3.0172,0.2139
kitti_mini,000031,tz,0.1,tz_10cm,121291,16.284,6,97.9351,6.0342,0.1826
kitti_mini,000032,baseline,0.0,baseline,118661,16.4629,10,100.0,0.0,0.3222
kitti_mini,000032,yaw,0.5,yaw_0.5deg,118661,16.473,10,96.1809,7.3201,0.3231
kitti_mini,000032,yaw,1.0,yaw_1deg,118661,16.4721,10,87.7103,14.621,0.2768
kitti_mini,000032,yaw,2.0,yaw_2deg,118661,16.4738,10,69.3016,29.1568,0.2383
kitti_mini,000032,yaw,3.0,yaw_3deg,118661,16.4772,10,57.2281,43.582,0.2097
kitti_mini,000032,pitch,0.5,pitch_0.5deg,118661,16.0701,10,94.6267,6.5151,0.2547
kitti_mini,000032,pitch,1.0,pitch_1deg,118661,15.6968,10,85.1446,13.0321,0.2207
kitti_mini,000032,pitch,2.0,pitch_2deg,118661,14.9198,10,76.067,26.0652,0.1517
kitti_mini,000032,pitch,3.0,pitch_3deg,118661,14.1285,10,55.0657,39.099,0.1503
kitti_mini,000032,roll,0.5,roll_0.5deg,118661,16.4654,10,100.0,2.4576,0.3098
kitti_mini,000032,roll,1.0,roll_1deg,118661,16.462,10,99.4642,4.8979,0.2931
kitti_mini,000032,roll,2.0,roll_2deg,118661,16.4435,10,97.7696,9.7346,0.2563
kitti_mini,000032,roll,3.0,roll_3deg,118661,16.4848,10,95.8733,14.4987,0.2408
kitti_mini,000032,tx,0.02,tx_2cm,118661,16.5134,10,100.0,0.5167,0.3239
kitti_mini,000032,tx,0.05,tx_5cm,118661,16.6348,10,100.0,1.288,0.33
kitti_mini,000032,tx,0.1,tx_10cm,118661,16.7882,10,100.0,2.5656,0.3286
kitti_mini,000032,ty,0.02,ty_2cm,118661,16.462,10,100.0,1.2033,0.3209
kitti_mini,000032,ty,0.05,ty_5cm,118661,16.4578,10,100.0,3.0013,0.3226
kitti_mini,000032,ty,0.1,ty_10cm,118661,16.4595,10,99.7059,5.9883,0.3081
kitti_mini,000032,tz,0.02,tz_2cm,118661,16.6213,10,100.0,1.2064,0.3269
kitti_mini,000032,tz,0.05,tz_5cm,118661,16.8396,10,99.7583,3.0159,0.3062
kitti_mini,000032,tz,0.1,tz_10cm,118661,17.1741,10,98.3217,6.0315,0.2739
kitti_mini,000043,baseline,0.0,baseline,122591,16.033,4,98.2494,0.0,0.3095
kitti_mini,000043,yaw,0.5,yaw_0.5deg,122591,16.0607,4,80.7935,7.2871,0.268
kitti_mini,000043,yaw,1.0,yaw_1deg,122591,16.0803,4,45.2038,14.5523,0.2325
kitti_mini,000043,yaw,2.0,yaw_2deg,122591,16.126,4,2.7086,29.0272,0.2565
kitti_mini,000043,yaw,3.0,yaw_3deg,122591,16.1602,4,0.0,43.4285,0.2115
kitti_mini,000043,pitch,0.5,pitch_0.5deg,122591,15.6618,4,95.9225,6.5267,0.324
kitti_mini,000043,pitch,1.0,pitch_1deg,122591,15.3094,4,92.7765,13.0541,0.3265
kitti_mini,000043,pitch,2.0,pitch_2deg,122591,14.5573,4,79.6827,26.1113,0.3297
kitti_mini,000043,pitch,3.0,pitch_3deg,122591,13.8036,4,59.7164,39.1719,0.3013
kitti_mini,000043,roll,0.5,roll_0.5deg,122591,16.0395,4,98.4183,2.4356,0.3252
kitti_mini,000043,roll,1.0,roll_1deg,122591,16.0314,4,97.6612,4.8592,0.3146
kitti_mini,000043,roll,2.0,roll_2deg,122591,16.0101,4,97.7982,9.6544,0.3152
kitti_mini,000043,roll,3.0,roll_3deg,122591,16.046,4,95.2946,14.407,0.2892
kitti_mini,000043,tx,0.02,tx_2cm,122591,16.0836,4,98.2494,0.5265,0.3049
kitti_mini,000043,tx,0.05,tx_5cm,122591,16.2067,4,98.4183,1.3123,0.3155
kitti_mini,000043,tx,0.1,tx_10cm,122591,16.3756,4,98.5335,2.6131,0.3251
kitti_mini,000043,ty,0.02,ty_2cm,122591,16.0314,4,98.4301,1.3412,0.3071
kitti_mini,000043,ty,0.05,ty_5cm,122591,16.0363,4,96.3577,3.3516,0.3049
kitti_mini,000043,ty,0.1,ty_10cm,122591,16.046,4,90.6963,6.695,0.2778
kitti_mini,000043,tz,0.02,tz_2cm,122591,16.1986,4,98.2494,1.3438,0.3239
kitti_mini,000043,tz,0.05,tz_5cm,122591,16.4172,4,97.3333,3.3594,0.3163
kitti_mini,000043,tz,0.1,tz_10cm,122591,16.7533,4,97.3333,6.7185,0.3125
kitti_mini,000048,baseline,0.0,baseline,122675,16.1565,4,93.0505,0.0,0.2024
kitti_mini,000048,yaw,0.5,yaw_0.5deg,122675,16.1736,4,73.9343,7.2715,0.199
kitti_mini,000048,yaw,1.0,yaw_1deg,122675,16.1826,4,36.5648,14.5186,0.2052
kitti_mini,000048,yaw,2.0,yaw_2deg,122675,16.2079,4,0.4587,28.945,0.1995
kitti_mini,000048,yaw,3.0,yaw_3deg,122675,16.2193,4,0.0,43.2713,0.1789
kitti_mini,000048,pitch,0.5,pitch_0.5deg,122675,15.7946,4,89.8697,6.4951,0.1849
kitti_mini,000048,pitch,1.0,pitch_1deg,122675,15.4555,4,82.3032,12.9888,0.1914
kitti_mini,000048,pitch,2.0,pitch_2deg,122675,14.7813,4,64.3785,25.9744,0.1898
kitti_mini,000048,pitch,3.0,pitch_3deg,122675,13.9914,4,39.1105,38.9513,0.1667
kitti_mini,000048,roll,0.5,roll_0.5deg,122675,16.1761,4,92.8211,2.4298,0.1987
kitti_mini,000048,roll,1.0,roll_1deg,122675,16.1826,4,92.8211,4.8507,0.2011
kitti_mini,000048,roll,2.0,roll_2deg,122675,16.2364,4,92.5918,9.6618,0.2039
kitti_mini,000048,roll,3.0,roll_3deg,122675,16.2543,4,91.78,14.4149,0.1938
kitti_mini,000048,tx,0.02,tx_2cm,122675,16.2584,4,93.493,0.552,0.1989
kitti_mini,000048,tx,0.05,tx_5cm,122675,16.3913,4,93.7142,1.3762,0.209
kitti_mini,000048,tx,0.1,tx_10cm,122675,16.5983,4,93.9273,2.7381,0.2117
kitti_mini,000048,ty,0.02,ty_2cm,122675,16.1622,4,91.51,1.4835,0.1982
kitti_mini,000048,ty,0.05,ty_5cm,122675,16.1875,4,89.387,3.7066,0.201
kitti_mini,000048,ty,0.1,ty_10cm,122675,16.2201,4,83.5112,7.4058,0.1957
kitti_mini,000048,tz,0.02,tz_2cm,122675,16.3448,4,93.0505,1.4851,0.2065
kitti_mini,000048,tz,0.05,tz_5cm,122675,16.6008,4,93.0505,3.7127,0.2046
kitti_mini,000048,tz,0.1,tz_10cm,122675,16.9456,4,93.0505,7.4254,0.1948
kitti_mini,000049,baseline,0.0,baseline,113691,15.9142,15,98.2398,0.0,0.3606
kitti_mini,000049,yaw,0.5,yaw_0.5deg,113691,15.9503,15,94.9708,7.2546,0.3326
kitti_mini,000049,yaw,1.0,yaw_1deg,113691,15.9854,15,88.2631,14.4979,0.315
kitti_mini,000049,yaw,2.0,yaw_2deg,113691,16.0338,15,80.0298,28.9634,0.3114
kitti_mini,000049,yaw,3.0,yaw_3deg,113691,16.0356,15,69.8612,43.3856,0.3336
kitti_mini,000049,pitch,0.5,pitch_0.5deg,113691,15.5316,15,96.0908,6.5233,0.2903
kitti_mini,000049,pitch,1.0,pitch_1deg,113691,15.1639,15,87.6053,13.047,0.2706
kitti_mini,000049,pitch,2.0,pitch_2deg,113691,14.3864,15,62.6548,26.0986,0.2055
kitti_mini,000049,pitch,3.0,pitch_3deg,113691,13.6159,15,41.7731,39.1549,0.1383
kitti_mini,000049,roll,0.5,roll_0.5deg,113691,15.8957,15,96.3711,2.4291,0.3395
kitti_mini,000049,roll,1.0,roll_1deg,113691,15.894,15,94.2001,4.8472,0.3169
kitti_mini,000049,roll,2.0,roll_2deg,113691,15.8755,15,93.098,9.6312,0.2802
kitti_mini,000049,roll,3.0,roll_3deg,113691,15.923,15,89.2342,14.3624,0.279
kitti_mini,000049,tx,0.02,tx_2cm,113691,15.9555,15,98.2398,0.4412,0.3588
kitti_mini,000049,tx,0.05,tx_5cm,113691,16.0611,15,98.215,1.0999,0.3644
kitti_mini,000049,tx,0.1,tx_10cm,113691,16.2062,15,98.1489,2.1871,0.3674
kitti_mini,000049,ty,0.02,ty_2cm,113691,15.9151,15,97.9985,1.1706,0.3548
kitti_mini,000049,ty,0.05,ty_5cm,113691,15.923,15,97.9241,2.9258,0.353
kitti_mini,000049,ty,0.1,ty_10cm,113691,15.9327,15,97.3656,5.8483,0.3427
kitti_mini,000049,tz,0.02,tz_2cm,113691,16.0628,15,98.2976,1.1721,0.3761
kitti_mini,000049,tz,0.05,tz_5cm,113691,16.2502,15,96.2243,2.9303,0.374
kitti_mini,000049,tz,0.1,tz_10cm,113691,16.6442,15,91.9459,5.8603,0.3531
kitti_mini,000061,baseline,0.0,baseline,125247,15.8016,4,100.0,0.0,0.1293
kitti_mini,000061,yaw,0.5,yaw_0.5deg,125247,15.8191,4,91.7341,7.1255,0.1464
kitti_mini,000061,yaw,1.0,yaw_1deg,125247,15.8287,4,83.3725,14.2355,0.1062
kitti_mini,000061,yaw,2.0,yaw_2deg,125247,15.8615,4,62.8461,28.4086,0.0812
kitti_mini,000061,yaw,3.0,yaw_3deg,125247,15.8878,4,33.9859,42.527,0.0802
kitti_mini,000061,pitch,0.5,pitch_0.5deg,125247,15.4327,4,96.4028,6.484,0.1007
kitti_mini,000061,pitch,1.0,pitch_1deg,125247,15.0718,4,88.4343,12.9695,0.1443
kitti_mini,000061,pitch,2.0,pitch_2deg,125247,14.3293,4,42.133,25.9498,0.1268
kitti_mini,000061,pitch,3.0,pitch_3deg,125247,13.57,4,33.9978,38.9417,0.1687
kitti_mini,000061,roll,0.5,roll_0.5deg,125247,15.8048,4,100.0,2.2733,0.1411
kitti_mini,000061,roll,1.0,roll_1deg,125247,15.8008,4,92.0329,4.5294,0.1431
kitti_mini,000061,roll,2.0,roll_2deg,125247,15.788,4,83.4992,9.0063,0.1518
kitti_mini,000061,roll,3.0,roll_3deg,125247,15.808,4,67.8002,13.4216,0.1494
kitti_mini,000061,tx,0.02,tx_2cm,125247,15.8415,4,100.0,0.3019,0.1377
kitti_mini,000061,tx,0.05,tx_5cm,125247,15.9341,4,100.0,0.754,0.1423
kitti_mini,000061,tx,0.1,tx_10cm,125247,16.0682,4,100.0,1.5035,0.138
kitti_mini,000061,ty,0.02,ty_2cm,125247,15.8024,4,100.0,0.9441,0.1335
kitti_mini,000061,ty,0.05,ty_5cm,125247,15.8064,4,99.6429,2.3602,0.1434
kitti_mini,000061,ty,0.1,ty_10cm,125247,15.8112,4,99.6429,4.7201,0.1324
kitti_mini,000061,tz,0.02,tz_2cm,125247,15.9429,4,100.0,0.9448,0.1501
kitti_mini,000061,tz,0.05,tz_5cm,125247,16.1154,4,100.0,2.3619,0.1588
kitti_mini,000061,tz,0.1,tz_10cm,125247,16.4643,4,100.0,4.7237,0.1666
