config,dataset,axis,level,n_frames,fov_pct,n_objects,hit_pct,miss_increase_pp,hit_near,n_near,hit_mid,n_mid,hit_far,n_far,shift_px_p50,edge_score,detect_rate_frame,detect_rate_window,est_drift_window
baseline,kitti,baseline,0.0,20,15.75,96,99.05,0.0,99.05,23,98.47,38,99.66,35,0.0,0.26,0.05,0.0,"pitch +0.25, yaw -0"
yaw_0.5deg,kitti,yaw,0.5,20,15.76,96,88.69,10.35,96.92,23,88.28,38,83.72,35,7.3,0.24,0.1,1.0,"yaw +0.5, yaw +0.5"
yaw_1deg,kitti,yaw,1.0,20,15.76,96,72.49,26.56,91.9,23,70.99,38,61.35,35,14.58,0.22,0.2,1.0,"yaw +1, yaw +1"
yaw_2deg,kitti,yaw,2.0,20,15.77,96,49.53,49.52,76.73,23,51.2,38,29.84,35,29.07,0.19,0.4,1.0,"yaw +2, yaw +2"
yaw_3deg,kitti,yaw,3.0,20,15.77,96,36.14,62.91,66.22,23,38.27,38,14.06,35,43.5,0.19,,,
pitch_0.5deg,kitti,pitch,0.5,20,15.38,96,93.81,5.23,99.0,23,96.57,38,87.42,35,6.51,0.22,0.2,1.0,"pitch +0.75, pitch +0.5"
pitch_1deg,kitti,pitch,1.0,20,15.02,96,77.51,21.53,97.28,23,86.83,38,54.41,35,13.02,0.21,0.25,1.0,"pitch +1.25, pitch +1"
pitch_2deg,kitti,pitch,2.0,20,14.27,96,52.7,46.35,87.89,23,63.28,38,18.08,35,26.04,0.2,0.35,1.0,"pitch +2.25, pitch +2"
pitch_3deg,kitti,pitch,3.0,20,13.5,96,35.37,63.67,74.88,23,39.9,38,4.5,35,39.07,0.17,,,
roll_0.5deg,kitti,roll,0.5,20,15.76,96,98.72,0.33,98.75,23,97.84,38,99.66,35,2.46,0.25,,,
roll_1deg,kitti,roll,1.0,20,15.76,96,97.83,1.22,98.3,23,96.71,38,98.72,35,4.9,0.24,0.1,1.0,"roll +1, roll +1"
roll_2deg,kitti,roll,2.0,20,15.75,96,95.79,3.25,97.09,23,94.2,38,96.67,35,9.74,0.22,0.2,1.0,"roll +2.25, roll +2"
roll_3deg,kitti,roll,3.0,20,15.79,96,91.54,7.51,94.38,23,90.46,38,90.84,35,14.51,0.21,,,
tx_2cm,kitti,tx,0.02,20,15.81,96,99.06,-0.02,99.04,23,98.52,38,99.66,35,0.43,0.26,,,
tx_5cm,kitti,tx,0.05,20,15.92,96,99.03,0.01,98.99,23,98.54,38,99.59,35,1.08,0.26,,,
tx_10cm,kitti,tx,0.1,20,16.08,96,98.95,0.09,98.72,23,98.51,38,99.59,35,2.15,0.26,,,
ty_2cm,kitti,ty,0.02,20,15.76,96,98.85,0.19,98.95,23,98.25,38,99.45,35,1.17,0.26,,,
ty_5cm,kitti,ty,0.05,20,15.76,96,98.36,0.68,98.5,23,97.5,38,99.21,35,2.91,0.26,,,
ty_10cm,kitti,ty,0.1,20,15.76,96,97.05,1.99,97.31,23,95.58,38,98.48,35,5.82,0.25,0.1,0.0,"yaw +0.25, yaw +0.25"
tz_2cm,kitti,tz,0.02,20,15.91,96,98.96,0.08,99.09,23,98.24,38,99.66,35,1.17,0.27,,,
tz_5cm,kitti,tz,0.05,20,16.12,96,98.4,0.64,98.32,23,97.42,38,99.52,35,2.92,0.27,,,
tz_10cm,kitti,tz,0.1,20,16.48,96,96.56,2.49,96.08,23,95.67,38,97.82,35,5.83,0.25,0.05,0.0,"pitch -0.25, pitch -0.25"
baseline,nusc,baseline,0.0,80,8.73,238,99.41,0.0,99.32,62,99.35,150,100.0,26,0.0,0.17,0.05,0.0,"pitch -0.25, pitch +0.25"
yaw_0.5deg,nusc,yaw,0.5,80,8.72,238,98.47,0.94,99.32,62,98.05,150,98.87,26,12.61,0.15,0.1,0.5,"yaw +0.5, pitch +0.25"
yaw_1deg,nusc,yaw,1.0,80,8.72,238,94.35,5.06,97.02,62,93.77,150,91.37,26,25.18,0.14,0.06,1.0,"yaw +1, yaw +1"
yaw_2deg,nusc,yaw,2.0,80,8.72,238,80.06,19.35,82.72,62,80.68,150,70.15,26,50.25,0.12,0.08,1.0,"yaw +2, yaw +2.25"
yaw_3deg,nusc,yaw,3.0,80,8.71,238,62.45,36.96,65.02,62,64.67,150,43.53,26,75.24,0.13,,,
pitch_0.5deg,nusc,pitch,0.5,80,8.52,238,97.84,1.57,99.29,62,98.41,150,91.15,26,11.62,0.16,0.08,0.5,"pitch +0.25, pitch +1"
pitch_1deg,nusc,pitch,1.0,80,8.34,238,89.17,10.24,98.39,62,87.93,150,74.33,26,23.2,0.15,0.12,1.0,"pitch +0.75, pitch +1.5"
pitch_2deg,nusc,pitch,2.0,80,7.96,238,65.77,33.64,89.45,62,59.1,150,47.74,26,46.32,0.15,0.1,1.0,"yaw +3, pitch +2.25"
pitch_3deg,nusc,pitch,3.0,80,7.59,238,44.4,55.01,75.98,62,34.95,150,23.66,26,69.34,0.13,,,
roll_0.5deg,nusc,roll,0.5,80,8.74,238,99.24,0.17,98.7,62,99.34,150,100.0,26,4.05,0.17,,,
roll_1deg,nusc,roll,1.0,80,8.74,238,99.13,0.28,98.52,62,99.31,150,99.57,26,8.09,0.17,0.04,0.5,"roll +0.75, pitch +0.25"
roll_2deg,nusc,roll,2.0,80,8.74,238,97.67,1.74,98.13,62,97.78,150,95.92,26,16.12,0.16,0.04,0.5,"roll +2.25, yaw +0.25"
roll_3deg,nusc,roll,3.0,80,8.74,238,92.51,6.9,94.78,62,92.92,150,84.74,26,24.1,0.16,,,
tx_2cm,nusc,tx,0.02,80,8.76,238,99.42,-0.01,99.33,62,99.36,150,100.0,26,0.66,0.17,,,
tx_5cm,nusc,tx,0.05,80,8.81,238,99.47,-0.05,99.46,62,99.37,150,100.0,26,1.64,0.17,,,
tx_10cm,nusc,tx,0.1,80,8.89,238,99.49,-0.08,99.53,62,99.39,150,100.0,26,3.26,0.17,,,
ty_2cm,nusc,ty,0.02,80,8.73,238,99.41,-0.0,99.42,62,99.31,150,100.0,26,1.97,0.17,,,
ty_5cm,nusc,ty,0.05,80,8.73,238,99.36,0.05,99.38,62,99.25,150,100.0,26,4.93,0.17,,,
ty_10cm,nusc,ty,0.1,80,8.73,238,99.18,0.23,99.4,62,98.95,150,100.0,26,9.83,0.17,0.02,0.0,"pitch -0.25, pitch +0.25"
tz_2cm,nusc,tz,0.02,80,8.79,238,99.41,0.0,99.3,62,99.35,150,100.0,26,1.98,0.17,,,
tz_5cm,nusc,tz,0.05,80,8.87,238,99.2,0.21,98.51,62,99.35,150,100.0,26,4.96,0.18,,,
tz_10cm,nusc,tz,0.1,80,9.07,238,99.07,0.34,98.03,62,99.34,150,100.0,26,9.92,0.18,0.1,0.0,"pitch -0.25, pitch +0.25"
no_ego_motion,nusc,time,35.2,80,8.31,238,98.95,0.46,98.45,62,98.98,150,100.0,26,9.24,0.18,,,
