frame_id,n_points,invalid_ratio,range_min,range_p50,range_p95,range_max,ratio_beyond_50m,z_min,z_max,intensity_mean,empty_azimuth_bins
000001,120268,0.0,1.369299054145813,9.780582427978516,37.03207778930664,79.86998748779297,0.013869025842285563,-7.293000221252441,2.9040000438690186,0.24902275204658508,0
000004,115976,0.0,1.3678866624832153,9.24141788482666,36.76300811767578,79.98678588867188,0.017857142857142856,-5.673999786376953,2.9019999504089355,0.2261299043893814,0
000007,122798,0.0,1.3765064477920532,12.196368217468262,42.81066131591797,79.95597839355469,0.03378719523119269,-3.055999994277954,2.9040000438690186,0.24945667386054993,0
000008,122555,0.0,1.3737093210220337,7.502120494842529,24.08104705810547,79.90072631835938,0.008020888580637264,-15.932000160217285,2.9049999713897705,0.27182766795158386,0
000009,123928,0.0,1.3754075765609741,12.59945297241211,38.30869674682617,79.90322875976562,0.02236782647989155,-2.421999931335449,2.9100000858306885,0.24722331762313843,0
000010,115875,0.0,1.371624231338501,10.462684631347656,50.727237701416016,79.94259643554688,0.05690614886731392,-14.138999938964844,2.9119999408721924,0.22048750519752502,0
000011,108004,0.0,1.3732024431228638,8.217069625854492,28.649362564086914,79.7511215209961,0.009564460575534239,-20.033000946044922,2.9059998989105225,0.22046460211277008,0
000012,120007,0.0,1.3918020725250244,11.624853134155273,53.36783981323242,79.93624114990234,0.06257135000458307,-26.663000106811523,2.9070000648498535,0.22442671656608582,0
000015,122583,0.0,1.3692837953567505,7.502059459686279,24.26765251159668,79.41095733642578,0.005555419593255183,-7.086999893188477,2.8540000915527344,0.24537016451358795,0
000016,113070,0.0,1.3804028034210205,9.34414291381836,49.60468673706055,79.97410583496094,0.048978508888299285,-17.017000198364258,2.9119999408721924,0.23262685537338257,0
000019,115697,0.0,1.3768020868301392,8.253700256347656,32.22848129272461,79.92622375488281,0.02093399137402007,-4.111999988555908,2.9059998989105225,0.25675055384635925,0
000021,125260,0.0,1.369299054145813,8.886609077453613,25.081497192382812,79.9522705078125,0.009340571611049018,-9.902999877929688,2.9100000858306885,0.3032272160053253,0
000023,120412,0.0,1.3849999904632568,9.89593505859375,36.98249435424805,79.808837890625,0.012855861542039,-7.039000034332275,2.9079999923706055,0.24839185178279877,0
000025,115780,0.0,1.3661186695098877,7.096640586853027,25.35359001159668,79.98151397705078,0.007954741751597858,-8.175000190734863,2.8980000019073486,0.2610732316970825,0
000031,121291,0.0,1.377209186553955,9.047811508178711,30.56546974182129,79.05645751953125,0.006084540485279204,-9.5649995803833,2.7839999198913574,0.2867589592933655,0
000032,118661,0.0,1.37171471118927,8.888689041137695,24.452917098999023,79.64344024658203,0.013576491012211258,-24.118000030517578,2.88700008392334,0.2751561105251312,0
000043,122591,0.0,1.365937352180481,7.394298076629639,22.60608673095703,79.88632202148438,0.008018533171276848,-11.996000289916992,2.8910000324249268,0.25133582949638367,0
000048,122675,0.0,1.3783820867538452,6.683043003082275,23.28414535522461,79.91224670410156,0.005942531078051763,-8.79800033569336,2.76200008392334,0.23834124207496643,0
000049,113691,0.0,1.3930057287216187,8.889351844787598,31.775693893432617,79.98228454589844,0.026976629636470784,-24.81999969482422,2.9049999713897705,0.24500338733196259,0
000061,125247,0.0,1.3841650485992432,9.927339553833008,32.823734283447266,79.89677429199219,0.013501321388935464,-8.015999794006348,2.9110000133514404,0.3110469579696655,0
