dataset,frame_id,config,axis,level,edge_points,score_0,score_best,gain,best_axis,best_delta_deg,gain_thr,flag
kitti_mini,000001,baseline,baseline,0.0,1969,0.2351,0.2433,0.0082,pitch,1.0,0.0964,False
kitti_mini,000001,yaw_0.5deg,yaw,0.5,2025,0.2339,0.2443,0.0104,yaw,-0.25,0.0964,False
kitti_mini,000001,yaw_1deg,yaw,1.0,2044,0.2169,0.244,0.027,yaw,-1.0,0.0964,False
kitti_mini,000001,yaw_2deg,yaw,2.0,2014,0.1594,0.2341,0.0747,yaw,-1.75,0.0964,False
kitti_mini,000001,pitch_0.5deg,pitch,0.5,2015,0.1685,0.244,0.0755,pitch,0.5,0.0964,False
kitti_mini,000001,pitch_1deg,pitch,1.0,1967,0.234,0.2497,0.0157,roll,-1.5,0.0964,False
kitti_mini,000001,pitch_2deg,pitch,2.0,1947,0.1963,0.2554,0.0591,roll,-3.0,0.0964,False
kitti_mini,000001,roll_1deg,roll,1.0,1950,0.192,0.2349,0.043,pitch,0.5,0.0964,False
kitti_mini,000001,roll_2deg,roll,2.0,1988,0.2006,0.2259,0.0253,roll,-2.0,0.0964,False
kitti_mini,000001,ty_10cm,ty,0.1,1996,0.2374,0.2388,0.0014,roll,-0.5,0.0964,False
kitti_mini,000001,tz_10cm,tz,0.1,2353,0.1905,0.2806,0.0901,yaw,3.0,0.0964,False
kitti_mini,000004,baseline,baseline,0.0,1746,0.1617,0.1838,0.0222,yaw,0.25,0.0964,False
kitti_mini,000004,yaw_0.5deg,yaw,0.5,1754,0.1819,0.1879,0.006,yaw,-0.25,0.0964,False
kitti_mini,000004,yaw_1deg,yaw,1.0,1809,0.1401,0.1927,0.0526,yaw,-0.75,0.0964,False
kitti_mini,000004,yaw_2deg,yaw,2.0,1856,0.0712,0.1888,0.1176,yaw,-1.75,0.0964,True
kitti_mini,000004,pitch_0.5deg,pitch,0.5,1738,0.1259,0.2075,0.0815,roll,2.5,0.0964,False
kitti_mini,000004,pitch_1deg,pitch,1.0,1709,0.151,0.2279,0.0769,roll,2.5,0.0964,False
kitti_mini,000004,pitch_2deg,pitch,2.0,1684,0.1683,0.192,0.0237,pitch,2.75,0.0964,False
kitti_mini,000004,roll_1deg,roll,1.0,1746,0.1316,0.1812,0.0496,pitch,1.5,0.0964,False
kitti_mini,000004,roll_2deg,roll,2.0,1709,0.116,0.2164,0.1004,pitch,0.75,0.0964,True
kitti_mini,000004,ty_10cm,ty,0.1,1761,0.1676,0.1857,0.0181,yaw,0.25,0.0964,False
kitti_mini,000004,tz_10cm,tz,0.1,1990,0.1647,0.1982,0.0335,pitch,0.5,0.0964,False
kitti_mini,000007,baseline,baseline,0.0,1722,0.0637,0.139,0.0753,pitch,2.75,0.0964,False
kitti_mini,000007,yaw_0.5deg,yaw,0.5,1713,0.0039,0.1297,0.1258,pitch,2.75,0.0964,True
kitti_mini,000007,yaw_1deg,yaw,1.0,1698,0.0118,0.1424,0.1307,pitch,2.75,0.0964,True
kitti_mini,000007,yaw_2deg,yaw,2.0,1672,0.0053,0.1289,0.1237,pitch,2.75,0.0964,True
kitti_mini,000007,pitch_0.5deg,pitch,0.5,1719,0.0191,0.1465,0.1274,pitch,3.0,0.0964,True
kitti_mini,000007,pitch_1deg,pitch,1.0,1681,0.0267,0.1495,0.1228,pitch,1.75,0.0964,True
kitti_mini,000007,pitch_2deg,pitch,2.0,1669,0.092,0.1705,0.0785,pitch,2.5,0.0964,False
kitti_mini,000007,roll_1deg,roll,1.0,1730,-0.0036,0.1349,0.1385,pitch,2.75,0.0964,True
kitti_mini,000007,roll_2deg,roll,2.0,1821,-0.0014,0.1257,0.1271,pitch,1.75,0.0964,True
kitti_mini,000007,ty_10cm,ty,0.1,1694,0.0134,0.1359,0.1225,pitch,2.75,0.0964,True
kitti_mini,000007,tz_10cm,tz,0.1,1967,0.1124,0.1294,0.017,pitch,2.75,0.0964,False
kitti_mini,000008,baseline,baseline,0.0,2932,0.2798,0.2886,0.0088,pitch,-0.25,0.0964,False
kitti_mini,000008,yaw_0.5deg,yaw,0.5,2923,0.2532,0.2929,0.0397,yaw,-0.5,0.0964,False
kitti_mini,000008,yaw_1deg,yaw,1.0,2907,0.1996,0.3002,0.1006,yaw,-1.25,0.0964,True
kitti_mini,000008,yaw_2deg,yaw,2.0,2881,0.1815,0.3057,0.1242,yaw,-2.0,0.0964,True
kitti_mini,000008,pitch_0.5deg,pitch,0.5,2930,0.2398,0.2996,0.0598,pitch,-0.75,0.0964,False
kitti_mini,000008,pitch_1deg,pitch,1.0,2908,0.2046,0.2845,0.0799,pitch,-1.25,0.0964,False
kitti_mini,000008,pitch_2deg,pitch,2.0,2896,0.177,0.281,0.1039,pitch,-2.25,0.0964,True
kitti_mini,000008,roll_1deg,roll,1.0,2911,0.2851,0.2921,0.007,roll,-0.5,0.0964,False
kitti_mini,000008,roll_2deg,roll,2.0,2885,0.2691,0.2947,0.0256,roll,-1.5,0.0964,False
kitti_mini,000008,ty_10cm,ty,0.1,2863,0.2498,0.2784,0.0286,yaw,-0.75,0.0964,False
kitti_mini,000008,tz_10cm,tz,0.1,3097,0.2515,0.286,0.0344,pitch,0.5,0.0964,False
kitti_mini,000009,baseline,baseline,0.0,902,-0.0027,0.0931,0.0958,pitch,1.75,0.0964,False
kitti_mini,000009,yaw_0.5deg,yaw,0.5,906,0.031,0.0727,0.0417,pitch,1.5,0.0964,False
kitti_mini,000009,yaw_1deg,yaw,1.0,912,0.0221,0.0913,0.0693,pitch,1.75,0.0964,False
kitti_mini,000009,yaw_2deg,yaw,2.0,940,-0.0288,0.0634,0.0922,pitch,1.0,0.0964,False
kitti_mini,000009,pitch_0.5deg,pitch,0.5,904,0.0031,0.0667,0.0636,pitch,1.0,0.0964,False
kitti_mini,000009,pitch_1deg,pitch,1.0,936,0.0194,0.0895,0.0702,roll,1.25,0.0964,False
kitti_mini,000009,pitch_2deg,pitch,2.0,905,0.0668,0.1094,0.0426,pitch,3.0,0.0964,False
kitti_mini,000009,roll_1deg,roll,1.0,937,-0.0444,0.1066,0.1509,pitch,1.25,0.0964,True
kitti_mini,000009,roll_2deg,roll,2.0,964,-0.0322,0.1035,0.1357,pitch,1.75,0.0964,True
kitti_mini,000009,ty_10cm,ty,0.1,905,0.0094,0.0844,0.075,pitch,1.75,0.0964,False
kitti_mini,000009,tz_10cm,tz,0.1,1055,-0.0327,0.0981,0.1307,pitch,1.75,0.0964,True
kitti_mini,000010,baseline,baseline,0.0,1492,0.2796,0.3327,0.0531,pitch,-0.75,0.0964,False
kitti_mini,000010,yaw_0.5deg,yaw,0.5,1475,0.2617,0.304,0.0423,pitch,-0.75,0.0964,False
kitti_mini,000010,yaw_1deg,yaw,1.0,1458,0.2229,0.2843,0.0614,pitch,-0.5,0.0964,False
kitti_mini,000010,yaw_2deg,yaw,2.0,1412,0.2123,0.295,0.0826,pitch,-0.5,0.0964,False
kitti_mini,000010,pitch_0.5deg,pitch,0.5,1470,0.1631,0.3354,0.1723,pitch,-1.25,0.0964,True
kitti_mini,000010,pitch_1deg,pitch,1.0,1457,0.1781,0.322,0.1438,pitch,-1.75,0.0964,True
kitti_mini,000010,pitch_2deg,pitch,2.0,1432,0.1572,0.3104,0.1532,pitch,-2.75,0.0964,True
kitti_mini,000010,roll_1deg,roll,1.0,1425,0.3324,0.3324,0.0,yaw,0.0,0.0964,False
kitti_mini,000010,roll_2deg,roll,2.0,1456,0.2699,0.3306,0.0607,roll,-1.0,0.0964,False
kitti_mini,000010,ty_10cm,ty,0.1,1503,0.2549,0.3014,0.0465,pitch,-0.75,0.0964,False
kitti_mini,000010,tz_10cm,tz,0.1,1687,0.3004,0.3377,0.0373,pitch,-0.25,0.0964,False
kitti_mini,000011,baseline,baseline,0.0,1521,0.4843,0.4861,0.0018,pitch,-0.25,0.0964,False
kitti_mini,000011,yaw_0.5deg,yaw,0.5,1543,0.4485,0.4828,0.0343,yaw,-0.5,0.0964,False
kitti_mini,000011,yaw_1deg,yaw,1.0,1515,0.4076,0.4884,0.0809,yaw,-1.0,0.0964,False
kitti_mini,000011,yaw_2deg,yaw,2.0,1544,0.3779,0.4921,0.1143,yaw,-2.0,0.0964,True
kitti_mini,000011,pitch_0.5deg,pitch,0.5,1510,0.4271,0.4844,0.0572,pitch,-1.0,0.0964,False
kitti_mini,000011,pitch_1deg,pitch,1.0,1508,0.4193,0.4759,0.0566,pitch,-1.5,0.0964,False
kitti_mini,000011,pitch_2deg,pitch,2.0,1480,0.2746,0.4679,0.1932,pitch,-2.25,0.0964,True
kitti_mini,000011,roll_1deg,roll,1.0,1520,0.4589,0.4866,0.0277,roll,-1.0,0.0964,False
kitti_mini,000011,roll_2deg,roll,2.0,1542,0.4367,0.4844,0.0478,roll,-1.75,0.0964,False
kitti_mini,000011,ty_10cm,ty,0.1,1527,0.4463,0.4818,0.0356,yaw,-0.5,0.0964,False
kitti_mini,000011,tz_10cm,tz,0.1,1572,0.4774,0.4826,0.0053,roll,-0.25,0.0964,False
kitti_mini,000012,baseline,baseline,0.0,1300,0.4023,0.42,0.0177,roll,-0.5,0.0964,False
kitti_mini,000012,yaw_0.5deg,yaw,0.5,1311,0.2317,0.3923,0.1606,yaw,-0.5,0.0964,True
kitti_mini,000012,yaw_1deg,yaw,1.0,1331,0.2035,0.3889,0.1855,yaw,-1.0,0.0964,True
kitti_mini,000012,yaw_2deg,yaw,2.0,1283,0.1889,0.3979,0.209,yaw,-2.0,0.0964,True
kitti_mini,000012,pitch_0.5deg,pitch,0.5,1279,0.4129,0.4182,0.0053,pitch,1.0,0.0964,False
kitti_mini,000012,pitch_1deg,pitch,1.0,1294,0.402,0.4283,0.0263,pitch,-0.75,0.0964,False
kitti_mini,000012,pitch_2deg,pitch,2.0,1245,0.3685,0.4198,0.0513,pitch,-1.75,0.0964,False
kitti_mini,000012,roll_1deg,roll,1.0,1319,0.3899,0.4262,0.0363,roll,-1.5,0.0964,False
kitti_mini,000012,roll_2deg,roll,2.0,1356,0.3936,0.4243,0.0308,roll,-2.25,0.0964,False
kitti_mini,000012,ty_10cm,ty,0.1,1353,0.3788,0.3965,0.0177,pitch,0.25,0.0964,False
kitti_mini,000012,tz_10cm,tz,0.1,1391,0.4121,0.4148,0.0026,pitch,0.5,0.0964,False
kitti_mini,000015,baseline,baseline,0.0,4666,0.3015,0.3243,0.0228,pitch,3.0,0.0964,False
kitti_mini,000015,yaw_0.5deg,yaw,0.5,4713,0.3107,0.3131,0.0023,pitch,0.25,0.0964,False
kitti_mini,000015,yaw_1deg,yaw,1.0,4737,0.295,0.3204,0.0254,pitch,2.5,0.0964,False
kitti_mini,000015,yaw_2deg,yaw,2.0,4724,0.297,0.3137,0.0167,pitch,0.25,0.0964,False
kitti_mini,000015,pitch_0.5deg,pitch,0.5,4664,0.3051,0.322,0.0169,yaw,0.25,0.0964,False
kitti_mini,000015,pitch_1deg,pitch,1.0,4622,0.2942,0.3289,0.0347,pitch,1.5,0.0964,False
kitti_mini,000015,pitch_2deg,pitch,2.0,4564,0.3051,0.3342,0.0291,roll,2.0,0.0964,False
kitti_mini,000015,roll_1deg,roll,1.0,4700,0.2792,0.322,0.0429,pitch,3.0,0.0964,False
kitti_mini,000015,roll_2deg,roll,2.0,4682,0.2502,0.3263,0.0761,pitch,2.75,0.0964,False
kitti_mini,000015,ty_10cm,ty,0.1,4667,0.3067,0.3248,0.0181,pitch,3.0,0.0964,False
kitti_mini,000015,tz_10cm,tz,0.1,5039,0.2776,0.3365,0.0589,pitch,0.75,0.0964,False
kitti_mini,000016,baseline,baseline,0.0,1137,0.2051,0.2421,0.037,pitch,-0.5,0.0964,False
kitti_mini,000016,yaw_0.5deg,yaw,0.5,1124,0.2173,0.259,0.0417,pitch,-0.5,0.0964,False
kitti_mini,000016,yaw_1deg,yaw,1.0,1085,0.2203,0.2352,0.0149,yaw,1.0,0.0964,False
kitti_mini,000016,yaw_2deg,yaw,2.0,1072,0.2141,0.2644,0.0503,roll,-0.75,0.0964,False
kitti_mini,000016,pitch_0.5deg,pitch,0.5,1192,0.1445,0.2606,0.1162,pitch,-1.0,0.0964,True
kitti_mini,000016,pitch_1deg,pitch,1.0,1118,0.1095,0.2263,0.1168,pitch,-1.5,0.0964,True
kitti_mini,000016,pitch_2deg,pitch,2.0,1149,0.1429,0.2184,0.0755,pitch,-2.5,0.0964,False
kitti_mini,000016,roll_1deg,roll,1.0,1153,0.1774,0.2051,0.0277,roll,-0.25,0.0964,False
kitti_mini,000016,roll_2deg,roll,2.0,1173,0.092,0.2187,0.1268,roll,-1.5,0.0964,True
kitti_mini,000016,ty_10cm,ty,0.1,1127,0.2078,0.2495,0.0417,pitch,-0.25,0.0964,False
kitti_mini,000016,tz_10cm,tz,0.1,1406,0.2301,0.2695,0.0395,roll,-0.5,0.0964,False
kitti_mini,000019,baseline,baseline,0.0,1232,0.3956,0.4214,0.0258,roll,-0.5,0.0964,False
kitti_mini,000019,yaw_0.5deg,yaw,0.5,1252,0.35,0.4228,0.0728,yaw,-0.75,0.0964,False
kitti_mini,000019,yaw_1deg,yaw,1.0,1270,0.3334,0.4211,0.0878,yaw,-1.25,0.0964,False
kitti_mini,000019,yaw_2deg,yaw,2.0,1282,0.3555,0.4222,0.0668,yaw,-2.25,0.0964,False
kitti_mini,000019,pitch_0.5deg,pitch,0.5,1220,0.3342,0.3948,0.0606,roll,-1.0,0.0964,False
kitti_mini,000019,pitch_1deg,pitch,1.0,1217,0.3146,0.3927,0.0781,pitch,-1.25,0.0964,False
kitti_mini,000019,pitch_2deg,pitch,2.0,1221,0.2285,0.3832,0.1548,pitch,-2.25,0.0964,True
kitti_mini,000019,roll_1deg,roll,1.0,1257,0.3623,0.4202,0.0579,roll,-1.5,0.0964,False
kitti_mini,000019,roll_2deg,roll,2.0,1217,0.3376,0.4216,0.0841,roll,-2.5,0.0964,False
kitti_mini,000019,ty_10cm,ty,0.1,1188,0.3884,0.4422,0.0538,yaw,-0.75,0.0964,False
kitti_mini,000019,tz_10cm,tz,0.1,1344,0.3852,0.3957,0.0105,pitch,0.25,0.0964,False
kitti_mini,000021,baseline,baseline,0.0,1243,0.2731,0.2968,0.0237,roll,-0.25,0.0964,False
kitti_mini,000021,yaw_0.5deg,yaw,0.5,1286,0.2819,0.2915,0.0097,pitch,1.75,0.0964,False
kitti_mini,000021,yaw_1deg,yaw,1.0,1322,0.2412,0.3189,0.0776,pitch,1.75,0.0964,False
kitti_mini,000021,yaw_2deg,yaw,2.0,1412,0.1729,0.3164,0.1435,pitch,2.25,0.0964,True
kitti_mini,000021,pitch_0.5deg,pitch,0.5,1204,0.2284,0.2941,0.0658,roll,2.25,0.0964,False
kitti_mini,000021,pitch_1deg,pitch,1.0,1224,0.2296,0.2838,0.0542,pitch,-1.25,0.0964,False
kitti_mini,000021,pitch_2deg,pitch,2.0,1179,0.2618,0.3496,0.0878,roll,2.75,0.0964,False
kitti_mini,000021,roll_1deg,roll,1.0,1227,0.2621,0.2999,0.0379,yaw,-0.25,0.0964,False
kitti_mini,000021,roll_2deg,roll,2.0,1226,0.2352,0.3274,0.0922,pitch,2.0,0.0964,False
kitti_mini,000021,ty_10cm,ty,0.1,1329,0.2829,0.2968,0.0139,roll,0.5,0.0964,False
kitti_mini,000021,tz_10cm,tz,0.1,1322,0.2753,0.2855,0.0101,pitch,0.25,0.0964,False
kitti_mini,000023,baseline,baseline,0.0,2103,0.1978,0.2226,0.0248,yaw,0.5,0.0964,False
kitti_mini,000023,yaw_0.5deg,yaw,0.5,2107,0.2251,0.2251,0.0,yaw,0.0,0.0964,False
kitti_mini,000023,yaw_1deg,yaw,1.0,2135,0.1939,0.2259,0.032,yaw,-0.75,0.0964,False
kitti_mini,000023,yaw_2deg,yaw,2.0,2117,0.1492,0.2216,0.0725,yaw,-1.5,0.0964,False
kitti_mini,000023,pitch_0.5deg,pitch,0.5,2098,0.1507,0.2381,0.0874,yaw,-3.0,0.0964,False
kitti_mini,000023,pitch_1deg,pitch,1.0,2090,0.1725,0.2387,0.0662,yaw,-2.75,0.0964,False
kitti_mini,000023,pitch_2deg,pitch,2.0,2076,0.1651,0.2266,0.0615,yaw,-3.0,0.0964,False
kitti_mini,000023,roll_1deg,roll,1.0,2059,0.1586,0.2022,0.0435,yaw,-3.0,0.0964,False
kitti_mini,000023,roll_2deg,roll,2.0,2076,0.1451,0.1957,0.0506,roll,-2.0,0.0964,False
kitti_mini,000023,ty_10cm,ty,0.1,2122,0.211,0.2114,0.0004,yaw,0.25,0.0964,False
kitti_mini,000023,tz_10cm,tz,0.1,2481,0.1897,0.2781,0.0884,yaw,3.0,0.0964,False
kitti_mini,000025,baseline,baseline,0.0,2703,0.382,0.3829,0.0009,yaw,0.25,0.0964,False
kitti_mini,000025,yaw_0.5deg,yaw,0.5,2716,0.3586,0.3764,0.0178,yaw,-0.5,0.0964,False
kitti_mini,000025,yaw_1deg,yaw,1.0,2741,0.3373,0.378,0.0407,yaw,-1.0,0.0964,False
kitti_mini,000025,yaw_2deg,yaw,2.0,2770,0.3178,0.3826,0.0648,yaw,-2.0,0.0964,False
kitti_mini,000025,pitch_0.5deg,pitch,0.5,2690,0.3406,0.384,0.0434,pitch,-0.5,0.0964,False
kitti_mini,000025,pitch_1deg,pitch,1.0,2662,0.3005,0.3735,0.073,pitch,-1.0,0.0964,False
kitti_mini,000025,pitch_2deg,pitch,2.0,2651,0.2979,0.3632,0.0654,pitch,-2.0,0.0964,False
kitti_mini,000025,roll_1deg,roll,1.0,2714,0.3531,0.3878,0.0347,roll,-1.0,0.0964,False
kitti_mini,000025,roll_2deg,roll,2.0,2718,0.344,0.3824,0.0385,roll,-2.0,0.0964,False
kitti_mini,000025,ty_10cm,ty,0.1,2693,0.3624,0.3785,0.016,yaw,-0.25,0.0964,False
kitti_mini,000025,tz_10cm,tz,0.1,2888,0.3503,0.3962,0.0459,pitch,0.5,0.0964,False
kitti_mini,000031,baseline,baseline,0.0,2289,0.2231,0.2314,0.0083,yaw,0.25,0.0964,False
kitti_mini,000031,yaw_0.5deg,yaw,0.5,2263,0.2288,0.2323,0.0035,roll,-0.5,0.0964,False
kitti_mini,000031,yaw_1deg,yaw,1.0,2292,0.1744,0.2367,0.0623,yaw,-0.75,0.0964,False
kitti_mini,000031,yaw_2deg,yaw,2.0,2378,0.1049,0.2383,0.1334,yaw,-1.75,0.0964,True
kitti_mini,000031,pitch_0.5deg,pitch,0.5,2286,0.166,0.2305,0.0645,pitch,-0.5,0.0964,False
kitti_mini,000031,pitch_1deg,pitch,1.0,2320,0.0844,0.2218,0.1374,pitch,-1.25,0.0964,True
kitti_mini,000031,pitch_2deg,pitch,2.0,2259,0.0575,0.2071,0.1496,pitch,-2.0,0.0964,True
kitti_mini,000031,roll_1deg,roll,1.0,2308,0.2075,0.2288,0.0214,roll,-0.75,0.0964,False
kitti_mini,000031,roll_2deg,roll,2.0,2300,0.1472,0.23,0.0827,roll,-1.5,0.0964,False
kitti_mini,000031,ty_10cm,ty,0.1,2334,0.235,0.2414,0.0064,roll,-0.25,0.0964,False
kitti_mini,000031,tz_10cm,tz,0.1,2566,0.1826,0.2085,0.0259,pitch,0.5,0.0964,False
kitti_mini,000032,baseline,baseline,0.0,2735,0.3222,0.3246,0.0024,yaw,-0.25,0.0964,False
kitti_mini,000032,yaw_0.5deg,yaw,0.5,2744,0.3231,0.3257,0.0026,yaw,-0.75,0.0964,False
kitti_mini,000032,yaw_1deg,yaw,1.0,2704,0.2768,0.3239,0.0472,yaw,-0.5,0.0964,False
kitti_mini,000032,yaw_2deg,yaw,2.0,2690,0.2383,0.3216,0.0833,yaw,-2.25,0.0964,False
kitti_mini,000032,pitch_0.5deg,pitch,0.5,2749,0.2547,0.3102,0.0555,pitch,-0.5,0.0964,False
kitti_mini,000032,pitch_1deg,pitch,1.0,2732,0.2207,0.318,0.0973,pitch,-1.0,0.0964,True
kitti_mini,000032,pitch_2deg,pitch,2.0,2705,0.1517,0.299,0.1473,pitch,-2.0,0.0964,True
kitti_mini,000032,roll_1deg,roll,1.0,2722,0.2931,0.3206,0.0275,roll,-0.75,0.0964,False
kitti_mini,000032,roll_2deg,roll,2.0,2774,0.2563,0.318,0.0617,roll,-2.0,0.0964,False
kitti_mini,000032,ty_10cm,ty,0.1,2711,0.3081,0.3216,0.0135,yaw,-0.5,0.0964,False
kitti_mini,000032,tz_10cm,tz,0.1,2916,0.2739,0.3137,0.0397,pitch,0.25,0.0964,False
kitti_mini,000043,baseline,baseline,0.0,2001,0.3095,0.3257,0.0162,pitch,1.5,0.0964,False
kitti_mini,000043,yaw_0.5deg,yaw,0.5,1981,0.268,0.3215,0.0535,yaw,-0.25,0.0964,False
kitti_mini,000043,yaw_1deg,yaw,1.0,1953,0.2325,0.3273,0.0948,yaw,-0.75,0.0964,False
kitti_mini,000043,yaw_2deg,yaw,2.0,1940,0.2565,0.3238,0.0673,yaw,-1.75,0.0964,False
kitti_mini,000043,pitch_0.5deg,pitch,0.5,2011,0.324,0.3369,0.0129,roll,0.75,0.0964,False
kitti_mini,000043,pitch_1deg,pitch,1.0,1996,0.3265,0.3371,0.0106,roll,0.25,0.0964,False
kitti_mini,000043,pitch_2deg,pitch,2.0,2001,0.3297,0.3406,0.0108,roll,0.25,0.0964,False
kitti_mini,000043,roll_1deg,roll,1.0,1997,0.3146,0.3363,0.0216,pitch,0.5,0.0964,False
kitti_mini,000043,roll_2deg,roll,2.0,2006,0.3152,0.3287,0.0135,pitch,1.5,0.0964,False
kitti_mini,000043,ty_10cm,ty,0.1,1997,0.2778,0.3092,0.0314,pitch,2.0,0.0964,False
kitti_mini,000043,tz_10cm,tz,0.1,2039,0.3125,0.3541,0.0416,pitch,1.75,0.0964,False
kitti_mini,000048,baseline,baseline,0.0,5236,0.2024,0.2091,0.0067,yaw,-0.75,0.0964,False
kitti_mini,000048,yaw_0.5deg,yaw,0.5,5239,0.199,0.2115,0.0126,pitch,2.25,0.0964,False
kitti_mini,000048,yaw_1deg,yaw,1.0,5209,0.2052,0.2217,0.0165,pitch,2.25,0.0964,False
kitti_mini,000048,yaw_2deg,yaw,2.0,5109,0.1995,0.2226,0.0231,yaw,-2.75,0.0964,False
kitti_mini,000048,pitch_0.5deg,pitch,0.5,5254,0.1849,0.2092,0.0243,roll,2.0,0.0964,False
kitti_mini,000048,pitch_1deg,pitch,1.0,5184,0.1914,0.2107,0.0193,yaw,-2.0,0.0964,False
kitti_mini,000048,pitch_2deg,pitch,2.0,5158,0.1898,0.2355,0.0457,yaw,-2.0,0.0964,False
kitti_mini,000048,roll_1deg,roll,1.0,5256,0.2011,0.2127,0.0115,roll,-0.25,0.0964,False
kitti_mini,000048,roll_2deg,roll,2.0,5263,0.2039,0.2068,0.003,roll,-0.75,0.0964,False
kitti_mini,000048,ty_10cm,ty,0.1,5271,0.1957,0.2114,0.0157,roll,2.0,0.0964,False
kitti_mini,000048,tz_10cm,tz,0.1,5624,0.1948,0.2169,0.0222,pitch,1.25,0.0964,False
kitti_mini,000049,baseline,baseline,0.0,2638,0.3606,0.3639,0.0033,roll,-0.25,0.0964,False
kitti_mini,000049,yaw_0.5deg,yaw,0.5,2641,0.3326,0.3605,0.0279,yaw,-0.5,0.0964,False
kitti_mini,000049,yaw_1deg,yaw,1.0,2627,0.315,0.3658,0.0508,yaw,-1.0,0.0964,False
kitti_mini,000049,yaw_2deg,yaw,2.0,2589,0.3114,0.3759,0.0646,yaw,-2.0,0.0964,False
kitti_mini,000049,pitch_0.5deg,pitch,0.5,2599,0.2903,0.362,0.0717,pitch,-0.5,0.0964,False
kitti_mini,000049,pitch_1deg,pitch,1.0,2588,0.2706,0.3489,0.0783,pitch,-1.25,0.0964,False
kitti_mini,000049,pitch_2deg,pitch,2.0,2545,0.2055,0.3435,0.138,pitch,-2.25,0.0964,True
kitti_mini,000049,roll_1deg,roll,1.0,2616,0.3169,0.3664,0.0494,roll,-1.0,0.0964,False
kitti_mini,000049,roll_2deg,roll,2.0,2631,0.2802,0.3685,0.0883,roll,-2.25,0.0964,False
kitti_mini,000049,ty_10cm,ty,0.1,2616,0.3427,0.3461,0.0035,pitch,-0.25,0.0964,False
kitti_mini,000049,tz_10cm,tz,0.1,2928,0.3531,0.3747,0.0216,pitch,0.25,0.0964,False
kitti_mini,000061,baseline,baseline,0.0,1311,0.1293,0.2381,0.1087,pitch,-2.0,0.0964,True
kitti_mini,000061,yaw_0.5deg,yaw,0.5,1323,0.1464,0.2333,0.0868,pitch,-2.25,0.0964,False
kitti_mini,000061,yaw_1deg,yaw,1.0,1322,0.1062,0.2125,0.1063,pitch,-2.25,0.0964,True
kitti_mini,000061,yaw_2deg,yaw,2.0,1279,0.0812,0.2176,0.1364,pitch,-2.0,0.0964,True
kitti_mini,000061,pitch_0.5deg,pitch,0.5,1321,0.1007,0.2371,0.1364,pitch,-2.5,0.0964,True
kitti_mini,000061,pitch_1deg,pitch,1.0,1331,0.1443,0.2363,0.092,pitch,-3.0,0.0964,False
kitti_mini,000061,pitch_2deg,pitch,2.0,1319,0.1268,0.2058,0.0791,yaw,-2.0,0.0964,False
kitti_mini,000061,roll_1deg,roll,1.0,1307,0.1431,0.2273,0.0842,pitch,-1.75,0.0964,False
kitti_mini,000061,roll_2deg,roll,2.0,1320,0.1518,0.2321,0.0803,pitch,-2.25,0.0964,False
kitti_mini,000061,ty_10cm,ty,0.1,1323,0.1324,0.2338,0.1014,pitch,-2.0,0.0964,True
kitti_mini,000061,tz_10cm,tz,0.1,1348,0.1666,0.257,0.0904,pitch,-1.5,0.0964,False
