dataset,frame_id,step,run,ms
kitti_mini,000011,project,1,15.773
kitti_mini,000011,project,2,16.962
kitti_mini,000011,project,3,14.387
kitti_mini,000011,project,4,16.961
kitti_mini,000011,project,5,15.394
kitti_mini,000011,project,6,15.477
kitti_mini,000011,project,7,13.03
kitti_mini,000011,project,8,12.425
kitti_mini,000011,project,9,13.202
kitti_mini,000011,project,10,13.257
kitti_mini,000011,project,11,14.548
kitti_mini,000011,project,12,14.04
kitti_mini,000011,project,13,15.906
kitti_mini,000011,project,14,12.764
kitti_mini,000011,project,15,12.428
kitti_mini,000011,project,16,13.002
kitti_mini,000011,project,17,12.69
kitti_mini,000011,project,18,12.411
kitti_mini,000011,project,19,13.355
kitti_mini,000011,project,20,14.367
kitti_mini,000011,project,21,13.28
kitti_mini,000011,project,22,13.332
kitti_mini,000011,project,23,15.654
kitti_mini,000011,project,24,17.162
kitti_mini,000011,project,25,18.64
kitti_mini,000011,project,26,14.108
kitti_mini,000011,project,27,14.179
kitti_mini,000011,project,28,20.094
kitti_mini,000011,project,29,17.606
kitti_mini,000011,project,30,13.432
kitti_mini,000011,image_edges,1,6.199
kitti_mini,000011,image_edges,2,5.927
kitti_mini,000011,image_edges,3,6.666
kitti_mini,000011,image_edges,4,6.13
kitti_mini,000011,image_edges,5,6.273
kitti_mini,000011,image_edges,6,5.555
kitti_mini,000011,image_edges,7,6.785
kitti_mini,000011,image_edges,8,6.367
kitti_mini,000011,image_edges,9,6.252
kitti_mini,000011,image_edges,10,9.898
kitti_mini,000011,image_edges,11,6.293
kitti_mini,000011,image_edges,12,6.999
kitti_mini,000011,image_edges,13,6.072
kitti_mini,000011,image_edges,14,6.291
kitti_mini,000011,image_edges,15,6.724
kitti_mini,000011,image_edges,16,6.393
kitti_mini,000011,image_edges,17,5.92
kitti_mini,000011,image_edges,18,6.12
kitti_mini,000011,image_edges,19,7.003
kitti_mini,000011,image_edges,20,5.996
kitti_mini,000011,image_edges,21,6.218
kitti_mini,000011,image_edges,22,6.376
kitti_mini,000011,image_edges,23,6.575
kitti_mini,000011,image_edges,24,6.196
kitti_mini,000011,image_edges,25,7.119
kitti_mini,000011,image_edges,26,6.194
kitti_mini,000011,image_edges,27,6.465
kitti_mini,000011,image_edges,28,6.943
kitti_mini,000011,image_edges,29,6.011
kitti_mini,000011,image_edges,30,6.092
kitti_mini,000011,edge_score,1,19.486
kitti_mini,000011,edge_score,2,22.92
kitti_mini,000011,edge_score,3,19.817
kitti_mini,000011,edge_score,4,26.263
kitti_mini,000011,edge_score,5,27.793
kitti_mini,000011,edge_score,6,25.769
kitti_mini,000011,edge_score,7,26.106
kitti_mini,000011,edge_score,8,20.515
kitti_mini,000011,edge_score,9,22.121
kitti_mini,000011,edge_score,10,24.926
kitti_mini,000011,edge_score,11,26.104
kitti_mini,000011,edge_score,12,28.958
kitti_mini,000011,edge_score,13,31.508
kitti_mini,000011,edge_score,14,26.218
kitti_mini,000011,edge_score,15,24.953
kitti_mini,000011,edge_score,16,21.686
kitti_mini,000011,edge_score,17,24.356
kitti_mini,000011,edge_score,18,22.646
kitti_mini,000011,edge_score,19,25.843
kitti_mini,000011,edge_score,20,23.627
kitti_mini,000011,edge_score,21,20.903
kitti_mini,000011,edge_score,22,21.308
kitti_mini,000011,edge_score,23,32.367
kitti_mini,000011,edge_score,24,23.569
kitti_mini,000011,edge_score,25,24.99
kitti_mini,000011,edge_score,26,26.105
kitti_mini,000011,edge_score,27,22.452
kitti_mini,000011,edge_score,28,26.357
kitti_mini,000011,edge_score,29,23.531
kitti_mini,000011,edge_score,30,20.4
kitti_mini,000011,drift_search,1,105.609
kitti_mini,000011,drift_search,2,87.115
kitti_mini,000011,drift_search,3,87.066
kitti_mini,000011,drift_search,4,97.948
kitti_mini,000011,drift_search,5,99.218
kitti_mini,000011,drift_search,6,110.044
kitti_mini,000011,drift_search,7,88.605
kitti_mini,000011,drift_search,8,76.621
kitti_mini,000011,drift_search,9,100.698
kitti_mini,000011,drift_search,10,86.737
kitti_mini,000011,drift_search,11,96.888
kitti_mini,000011,drift_search,12,122.648
kitti_mini,000011,drift_search,13,104.46
kitti_mini,000011,drift_search,14,102.279
kitti_mini,000011,drift_search,15,114.749
kitti_mini,000011,drift_search,16,118.217
kitti_mini,000011,drift_search,17,107.505
kitti_mini,000011,drift_search,18,94.794
kitti_mini,000011,drift_search,19,101.643
kitti_mini,000011,drift_search,20,89.954
kitti_mini,000011,drift_search,21,99.699
kitti_mini,000011,drift_search,22,97.706
kitti_mini,000011,drift_search,23,83.926
kitti_mini,000011,drift_search,24,91.968
kitti_mini,000011,drift_search,25,99.414
kitti_mini,000011,drift_search,26,85.418
kitti_mini,000011,drift_search,27,116.486
kitti_mini,000011,drift_search,28,99.338
kitti_mini,000011,drift_search,29,107.56
kitti_mini,000011,drift_search,30,111.628
nuscenes_mini_subset,scene-0103_010,project,1,5.649
nuscenes_mini_subset,scene-0103_010,project,2,4.846
nuscenes_mini_subset,scene-0103_010,project,3,5.562
nuscenes_mini_subset,scene-0103_010,project,4,4.141
nuscenes_mini_subset,scene-0103_010,project,5,4.49
nuscenes_mini_subset,scene-0103_010,project,6,4.19
nuscenes_mini_subset,scene-0103_010,project,7,4.041
nuscenes_mini_subset,scene-0103_010,project,8,3.91
nuscenes_mini_subset,scene-0103_010,project,9,3.678
nuscenes_mini_subset,scene-0103_010,project,10,4.928
nuscenes_mini_subset,scene-0103_010,project,11,4.999
nuscenes_mini_subset,scene-0103_010,project,12,5.818
nuscenes_mini_subset,scene-0103_010,project,13,5.35
nuscenes_mini_subset,scene-0103_010,project,14,4.372
nuscenes_mini_subset,scene-0103_010,project,15,5.749
nuscenes_mini_subset,scene-0103_010,project,16,4.622
nuscenes_mini_subset,scene-0103_010,project,17,4.685
nuscenes_mini_subset,scene-0103_010,project,18,5.017
nuscenes_mini_subset,scene-0103_010,project,19,3.306
nuscenes_mini_subset,scene-0103_010,project,20,3.747
nuscenes_mini_subset,scene-0103_010,project,21,4.008
nuscenes_mini_subset,scene-0103_010,project,22,3.487
nuscenes_mini_subset,scene-0103_010,project,23,3.62
nuscenes_mini_subset,scene-0103_010,project,24,3.061
nuscenes_mini_subset,scene-0103_010,project,25,2.868
nuscenes_mini_subset,scene-0103_010,project,26,4.409
nuscenes_mini_subset,scene-0103_010,project,27,5.336
nuscenes_mini_subset,scene-0103_010,project,28,5.097
nuscenes_mini_subset,scene-0103_010,project,29,3.661
nuscenes_mini_subset,scene-0103_010,project,30,4.006
nuscenes_mini_subset,scene-0103_010,image_edges,1,15.706
nuscenes_mini_subset,scene-0103_010,image_edges,2,18.883
nuscenes_mini_subset,scene-0103_010,image_edges,3,16.848
nuscenes_mini_subset,scene-0103_010,image_edges,4,17.07
nuscenes_mini_subset,scene-0103_010,image_edges,5,16.012
nuscenes_mini_subset,scene-0103_010,image_edges,6,16.402
nuscenes_mini_subset,scene-0103_010,image_edges,7,15.323
nuscenes_mini_subset,scene-0103_010,image_edges,8,17.772
nuscenes_mini_subset,scene-0103_010,image_edges,9,17.299
nuscenes_mini_subset,scene-0103_010,image_edges,10,16.926
nuscenes_mini_subset,scene-0103_010,image_edges,11,18.287
nuscenes_mini_subset,scene-0103_010,image_edges,12,15.626
nuscenes_mini_subset,scene-0103_010,image_edges,13,15.546
nuscenes_mini_subset,scene-0103_010,image_edges,14,16.135
nuscenes_mini_subset,scene-0103_010,image_edges,15,17.666
nuscenes_mini_subset,scene-0103_010,image_edges,16,16.726
nuscenes_mini_subset,scene-0103_010,image_edges,17,17.094
nuscenes_mini_subset,scene-0103_010,image_edges,18,16.847
nuscenes_mini_subset,scene-0103_010,image_edges,19,15.701
nuscenes_mini_subset,scene-0103_010,image_edges,20,16.257
nuscenes_mini_subset,scene-0103_010,image_edges,21,16.901
nuscenes_mini_subset,scene-0103_010,image_edges,22,16.296
nuscenes_mini_subset,scene-0103_010,image_edges,23,17.961
nuscenes_mini_subset,scene-0103_010,image_edges,24,16.273
nuscenes_mini_subset,scene-0103_010,image_edges,25,17.391
nuscenes_mini_subset,scene-0103_010,image_edges,26,16.114
nuscenes_mini_subset,scene-0103_010,image_edges,27,16.149
nuscenes_mini_subset,scene-0103_010,image_edges,28,16.005
nuscenes_mini_subset,scene-0103_010,image_edges,29,16.272
nuscenes_mini_subset,scene-0103_010,image_edges,30,15.817
nuscenes_mini_subset,scene-0103_010,edge_score,1,10.322
nuscenes_mini_subset,scene-0103_010,edge_score,2,8.128
nuscenes_mini_subset,scene-0103_010,edge_score,3,8.944
nuscenes_mini_subset,scene-0103_010,edge_score,4,8.164
nuscenes_mini_subset,scene-0103_010,edge_score,5,11.271
nuscenes_mini_subset,scene-0103_010,edge_score,6,9.471
nuscenes_mini_subset,scene-0103_010,edge_score,7,11.018
nuscenes_mini_subset,scene-0103_010,edge_score,8,9.589
nuscenes_mini_subset,scene-0103_010,edge_score,9,10.696
nuscenes_mini_subset,scene-0103_010,edge_score,10,12.215
nuscenes_mini_subset,scene-0103_010,edge_score,11,9.811
nuscenes_mini_subset,scene-0103_010,edge_score,12,10.606
nuscenes_mini_subset,scene-0103_010,edge_score,13,9.816
nuscenes_mini_subset,scene-0103_010,edge_score,14,7.934
nuscenes_mini_subset,scene-0103_010,edge_score,15,8.174
nuscenes_mini_subset,scene-0103_010,edge_score,16,8.422
nuscenes_mini_subset,scene-0103_010,edge_score,17,9.922
nuscenes_mini_subset,scene-0103_010,edge_score,18,11.61
nuscenes_mini_subset,scene-0103_010,edge_score,19,10.515
nuscenes_mini_subset,scene-0103_010,edge_score,20,9.524
nuscenes_mini_subset,scene-0103_010,edge_score,21,9.506
nuscenes_mini_subset,scene-0103_010,edge_score,22,10.902
nuscenes_mini_subset,scene-0103_010,edge_score,23,10.842
nuscenes_mini_subset,scene-0103_010,edge_score,24,10.338
nuscenes_mini_subset,scene-0103_010,edge_score,25,10.661
nuscenes_mini_subset,scene-0103_010,edge_score,26,10.338
nuscenes_mini_subset,scene-0103_010,edge_score,27,9.619
nuscenes_mini_subset,scene-0103_010,edge_score,28,11.531
nuscenes_mini_subset,scene-0103_010,edge_score,29,8.88
nuscenes_mini_subset,scene-0103_010,edge_score,30,7.848
nuscenes_mini_subset,scene-0103_010,drift_search,1,70.606
nuscenes_mini_subset,scene-0103_010,drift_search,2,86.869
nuscenes_mini_subset,scene-0103_010,drift_search,3,81.346
nuscenes_mini_subset,scene-0103_010,drift_search,4,87.918
nuscenes_mini_subset,scene-0103_010,drift_search,5,71.92
nuscenes_mini_subset,scene-0103_010,drift_search,6,85.207
nuscenes_mini_subset,scene-0103_010,drift_search,7,85.93
nuscenes_mini_subset,scene-0103_010,drift_search,8,68.852
nuscenes_mini_subset,scene-0103_010,drift_search,9,84.303
nuscenes_mini_subset,scene-0103_010,drift_search,10,63.18
nuscenes_mini_subset,scene-0103_010,drift_search,11,73.992
nuscenes_mini_subset,scene-0103_010,drift_search,12,79.047
nuscenes_mini_subset,scene-0103_010,drift_search,13,64.75
nuscenes_mini_subset,scene-0103_010,drift_search,14,73.521
nuscenes_mini_subset,scene-0103_010,drift_search,15,76.733
nuscenes_mini_subset,scene-0103_010,drift_search,16,83.861
nuscenes_mini_subset,scene-0103_010,drift_search,17,85.75
nuscenes_mini_subset,scene-0103_010,drift_search,18,83.309
nuscenes_mini_subset,scene-0103_010,drift_search,19,74.788
nuscenes_mini_subset,scene-0103_010,drift_search,20,82.63
nuscenes_mini_subset,scene-0103_010,drift_search,21,84.062
nuscenes_mini_subset,scene-0103_010,drift_search,22,85.169
nuscenes_mini_subset,scene-0103_010,drift_search,23,72.638
nuscenes_mini_subset,scene-0103_010,drift_search,24,73.571
nuscenes_mini_subset,scene-0103_010,drift_search,25,79.432
nuscenes_mini_subset,scene-0103_010,drift_search,26,75.099
nuscenes_mini_subset,scene-0103_010,drift_search,27,87.49
nuscenes_mini_subset,scene-0103_010,drift_search,28,87.727
nuscenes_mini_subset,scene-0103_010,drift_search,29,77.927
nuscenes_mini_subset,scene-0103_010,drift_search,30,81.649
